Lines Matched,Moss Link,Student1,Student2
1479,"http://moss.stanford.edu/results/736402409/match0.html","C:/Users/Dana/Documents/GitHub/MOSS-TAPS/MossTaps/data/Upload/C_P1_2015/Black,_Lisa(82d08df03494defb6b12f52319752fdc)/ (87%)","C:/Users/Dana/Documents/GitHub/MOSS-TAPS/MossTaps/data/Upload/C_P2_2015/Gonzales,_Pedro(a876148095ff319cdf1d6d971f2c0ca5)/ (50%)"
1799,"http://moss.stanford.edu/results/736402409/match1.html","C:/Users/Dana/Documents/GitHub/MOSS-TAPS/MossTaps/data/Upload/C_P2_2015/Aab,_Michael(7b90e57b05602edbeeea35b8ba37a0b1)/ (91%)","C:/Users/Dana/Documents/GitHub/MOSS-TAPS/MossTaps/data/Upload/O_P2_2014/O,_Stu(5041308ef3585f4cd6051da1dccd4331)/ (91%)"
917,"http://moss.stanford.edu/results/736402409/match2.html","C:/Users/Dana/Documents/GitHub/MOSS-TAPS/MossTaps/data/Upload/C_P1_2015/Green,_Simonel(86c7ea55381094ef1374bc79524ba7b7)/ (83%)","C:/Users/Dana/Documents/GitHub/MOSS-TAPS/MossTaps/data/Upload/C_P2_2015/Jones,_Tommy(0db34975171811623b0aa2e1bea58039)/ (32%)"
563,"http://moss.stanford.edu/results/736402409/match3.html","C:/Users/Dana/Documents/GitHub/MOSS-TAPS/MossTaps/data/Upload/C_P1_2015/Butler,_Mary(0c44d3ae94ffd980f530907abdfdb901)/ (69%)","C:/Users/Dana/Documents/GitHub/MOSS-TAPS/MossTaps/data/Upload/C_P2_2015/Whiteman,_Xavier(c251f60fcccb749423e34d7570ceecca)/ (37%)"
820,"http://moss.stanford.edu/results/736402409/match4.html","C:/Users/Dana/Documents/GitHub/MOSS-TAPS/MossTaps/data/Upload/O_P1_2014/V,_Stu(e4eccfa8a9dceb2e2902c8b052ce85b4)/ (76%)","C:/Users/Dana/Documents/GitHub/MOSS-TAPS/MossTaps/data/Upload/O_P2_2014/N,_Stu(e4eccfa8a9dceb2e2902c8b052ce85b4)/ (44%)"
531,"http://moss.stanford.edu/results/736402409/match5.html","C:/Users/Dana/Documents/GitHub/MOSS-TAPS/MossTaps/data/Upload/C_P1_2015/Newman,_Joe(54fa6a0de05f3e459300f9e94f7228cf)/ (63%)","C:/Users/Dana/Documents/GitHub/MOSS-TAPS/MossTaps/data/Upload/C_P2_2015/Boop,_Betty(168e38a05dfd8bb5e4d1aa3084f98cec)/ (34%)"
687,"http://moss.stanford.edu/results/736402409/match6.html","C:/Users/Dana/Documents/GitHub/MOSS-TAPS/MossTaps/data/Upload/C_P1_2015/Lu,_Ben(6e43dde6ee96247f8d811d9acb6687e3)/ (50%)","C:/Users/Dana/Documents/GitHub/MOSS-TAPS/MossTaps/data/Upload/C_P2_2015/Newman,_Joe(54fa6a0de05f3e459300f9e94f7228cf)/ (25%)"
676,"http://moss.stanford.edu/results/736402409/match7.html","C:/Users/Dana/Documents/GitHub/MOSS-TAPS/MossTaps/data/Upload/O_P1_2014/S,_Stu(b72a6ef515dfe775b81c412263fcc24d)/ (84%)","C:/Users/Dana/Documents/GitHub/MOSS-TAPS/MossTaps/data/Upload/O_P2_2014/K,_Stu(b72a6ef515dfe775b81c412263fcc24d)/ (26%)"
470,"http://moss.stanford.edu/results/736402409/match8.html","C:/Users/Dana/Documents/GitHub/MOSS-TAPS/MossTaps/data/Upload/C_P1_2015/Bbc,_Has(5041308ef3585f4cd6051da1dccd4331)/ (87%)","C:/Users/Dana/Documents/GitHub/MOSS-TAPS/MossTaps/data/Upload/O_P1_2014/X,_Stu(5041308ef3585f4cd6051da1dccd4331)/ (87%)"
374,"http://moss.stanford.edu/results/736402409/match9.html","C:/Users/Dana/Documents/GitHub/MOSS-TAPS/MossTaps/data/Upload/O_P1_2014/X,_Stu(5041308ef3585f4cd6051da1dccd4331)/ (79%)","C:/Users/Dana/Documents/GitHub/MOSS-TAPS/MossTaps/data/Upload/O_P2_2014/O,_Stu(5041308ef3585f4cd6051da1dccd4331)/ (23%)"
374,"http://moss.stanford.edu/results/736402409/match10.html","C:/Users/Dana/Documents/GitHub/MOSS-TAPS/MossTaps/data/Upload/C_P2_2015/Aab,_Michael(7b90e57b05602edbeeea35b8ba37a0b1)/ (23%)","C:/Users/Dana/Documents/GitHub/MOSS-TAPS/MossTaps/data/Upload/O_P1_2014/X,_Stu(5041308ef3585f4cd6051da1dccd4331)/ (79%)"
374,"http://moss.stanford.edu/results/736402409/match11.html","C:/Users/Dana/Documents/GitHub/MOSS-TAPS/MossTaps/data/Upload/C_P1_2015/Bbc,_Has(5041308ef3585f4cd6051da1dccd4331)/ (79%)","C:/Users/Dana/Documents/GitHub/MOSS-TAPS/MossTaps/data/Upload/O_P2_2014/O,_Stu(5041308ef3585f4cd6051da1dccd4331)/ (23%)"
374,"http://moss.stanford.edu/results/736402409/match12.html","C:/Users/Dana/Documents/GitHub/MOSS-TAPS/MossTaps/data/Upload/C_P1_2015/Bbc,_Has(5041308ef3585f4cd6051da1dccd4331)/ (79%)","C:/Users/Dana/Documents/GitHub/MOSS-TAPS/MossTaps/data/Upload/C_P2_2015/Aab,_Michael(7b90e57b05602edbeeea35b8ba37a0b1)/ (23%)"
444,"http://moss.stanford.edu/results/736402409/match13.html","C:/Users/Dana/Documents/GitHub/MOSS-TAPS/MossTaps/data/Upload/C_P1_2015/Boop,_Betty(168e38a05dfd8bb5e4d1aa3084f98cec)/ (96%)","C:/Users/Dana/Documents/GitHub/MOSS-TAPS/MossTaps/data/Upload/C_P2_2015/Bbc,_Has(5041308ef3585f4cd6051da1dccd4331)/ (21%)"
568,"http://moss.stanford.edu/results/736402409/match14.html","C:/Users/Dana/Documents/GitHub/MOSS-TAPS/MossTaps/data/Upload/C_P2_2015/Bbc,_Has(5041308ef3585f4cd6051da1dccd4331)/ (21%)","C:/Users/Dana/Documents/GitHub/MOSS-TAPS/MossTaps/data/Upload/O_P2_2014/O,_Stu(5041308ef3585f4cd6051da1dccd4331)/ (17%)"
568,"http://moss.stanford.edu/results/736402409/match15.html","C:/Users/Dana/Documents/GitHub/MOSS-TAPS/MossTaps/data/Upload/C_P2_2015/Aab,_Michael(7b90e57b05602edbeeea35b8ba37a0b1)/ (17%)","C:/Users/Dana/Documents/GitHub/MOSS-TAPS/MossTaps/data/Upload/C_P2_2015/Bbc,_Has(5041308ef3585f4cd6051da1dccd4331)/ (21%)"
582,"http://moss.stanford.edu/results/736402409/match16.html","C:/Users/Dana/Documents/GitHub/MOSS-TAPS/MossTaps/data/Upload/C_P2_2015/Bbc,_Has(5041308ef3585f4cd6051da1dccd4331)/ (20%)","C:/Users/Dana/Documents/GitHub/MOSS-TAPS/MossTaps/data/Upload/C_P2_2015/Newman,_Joe(54fa6a0de05f3e459300f9e94f7228cf)/ (14%)"
558,"http://moss.stanford.edu/results/736402409/match17.html","C:/Users/Dana/Documents/GitHub/MOSS-TAPS/MossTaps/data/Upload/C_P2_2015/Newman,_Joe(54fa6a0de05f3e459300f9e94f7228cf)/ (14%)","C:/Users/Dana/Documents/GitHub/MOSS-TAPS/MossTaps/data/Upload/O_P2_2014/N,_Stu(e4eccfa8a9dceb2e2902c8b052ce85b4)/ (21%)"
561,"http://moss.stanford.edu/results/736402409/match18.html","C:/Users/Dana/Documents/GitHub/MOSS-TAPS/MossTaps/data/Upload/C_P2_2015/Newman,_Joe(54fa6a0de05f3e459300f9e94f7228cf)/ (14%)","C:/Users/Dana/Documents/GitHub/MOSS-TAPS/MossTaps/data/Upload/O_P1_2014/V,_Stu(e4eccfa8a9dceb2e2902c8b052ce85b4)/ (36%)"
555,"http://moss.stanford.edu/results/736402409/match19.html","C:/Users/Dana/Documents/GitHub/MOSS-TAPS/MossTaps/data/Upload/O_P2_2014/N,_Stu(e4eccfa8a9dceb2e2902c8b052ce85b4)/ (20%)","C:/Users/Dana/Documents/GitHub/MOSS-TAPS/MossTaps/data/Upload/O_P2_2014/O,_Stu(5041308ef3585f4cd6051da1dccd4331)/ (16%)"
555,"http://moss.stanford.edu/results/736402409/match20.html","C:/Users/Dana/Documents/GitHub/MOSS-TAPS/MossTaps/data/Upload/O_P1_2014/V,_Stu(e4eccfa8a9dceb2e2902c8b052ce85b4)/ (35%)","C:/Users/Dana/Documents/GitHub/MOSS-TAPS/MossTaps/data/Upload/O_P2_2014/O,_Stu(5041308ef3585f4cd6051da1dccd4331)/ (16%)"
555,"http://moss.stanford.edu/results/736402409/match21.html","C:/Users/Dana/Documents/GitHub/MOSS-TAPS/MossTaps/data/Upload/C_P2_2015/Newman,_Joe(54fa6a0de05f3e459300f9e94f7228cf)/ (13%)","C:/Users/Dana/Documents/GitHub/MOSS-TAPS/MossTaps/data/Upload/O_P2_2014/O,_Stu(5041308ef3585f4cd6051da1dccd4331)/ (16%)"
555,"http://moss.stanford.edu/results/736402409/match22.html","C:/Users/Dana/Documents/GitHub/MOSS-TAPS/MossTaps/data/Upload/C_P2_2015/Aab,_Michael(7b90e57b05602edbeeea35b8ba37a0b1)/ (16%)","C:/Users/Dana/Documents/GitHub/MOSS-TAPS/MossTaps/data/Upload/O_P2_2014/N,_Stu(e4eccfa8a9dceb2e2902c8b052ce85b4)/ (20%)"
555,"http://moss.stanford.edu/results/736402409/match23.html","C:/Users/Dana/Documents/GitHub/MOSS-TAPS/MossTaps/data/Upload/C_P2_2015/Aab,_Michael(7b90e57b05602edbeeea35b8ba37a0b1)/ (16%)","C:/Users/Dana/Documents/GitHub/MOSS-TAPS/MossTaps/data/Upload/O_P1_2014/V,_Stu(e4eccfa8a9dceb2e2902c8b052ce85b4)/ (35%)"
555,"http://moss.stanford.edu/results/736402409/match24.html","C:/Users/Dana/Documents/GitHub/MOSS-TAPS/MossTaps/data/Upload/C_P2_2015/Aab,_Michael(7b90e57b05602edbeeea35b8ba37a0b1)/ (16%)","C:/Users/Dana/Documents/GitHub/MOSS-TAPS/MossTaps/data/Upload/C_P2_2015/Newman,_Joe(54fa6a0de05f3e459300f9e94f7228cf)/ (13%)"
371,"http://moss.stanford.edu/results/736402409/match25.html","C:/Users/Dana/Documents/GitHub/MOSS-TAPS/MossTaps/data/Upload/O_P1_2014/Al,_Stu(41e869b8be1ff2f45a0f7679f0612c02)/ (96%)","C:/Users/Dana/Documents/GitHub/MOSS-TAPS/MossTaps/data/Upload/O_P2_2014/H,_Stu(41e869b8be1ff2f45a0f7679f0612c02)/ (66%)"
542,"http://moss.stanford.edu/results/736402409/match26.html","C:/Users/Dana/Documents/GitHub/MOSS-TAPS/MossTaps/data/Upload/C_P2_2015/Bbc,_Has(5041308ef3585f4cd6051da1dccd4331)/ (19%)","C:/Users/Dana/Documents/GitHub/MOSS-TAPS/MossTaps/data/Upload/O_P2_2014/N,_Stu(e4eccfa8a9dceb2e2902c8b052ce85b4)/ (20%)"
542,"http://moss.stanford.edu/results/736402409/match27.html","C:/Users/Dana/Documents/GitHub/MOSS-TAPS/MossTaps/data/Upload/C_P2_2015/Bbc,_Has(5041308ef3585f4cd6051da1dccd4331)/ (19%)","C:/Users/Dana/Documents/GitHub/MOSS-TAPS/MossTaps/data/Upload/O_P1_2014/V,_Stu(e4eccfa8a9dceb2e2902c8b052ce85b4)/ (34%)"
363,"http://moss.stanford.edu/results/736402409/match28.html","C:/Users/Dana/Documents/GitHub/MOSS-TAPS/MossTaps/data/Upload/O_P1_2014/T,_Stu(21f2212719b3c956cfeec91a639a019f)/ (34%)","C:/Users/Dana/Documents/GitHub/MOSS-TAPS/MossTaps/data/Upload/O_P2_2014/L,_Stu(21f2212719b3c956cfeec91a639a019f)/ (20%)"
306,"http://moss.stanford.edu/results/736402409/match29.html","C:/Users/Dana/Documents/GitHub/MOSS-TAPS/MossTaps/data/Upload/O_P1_2014/Q,__Stu(c87f16d0e9cda269a5c19e68612109b1)/ (92%)","C:/Users/Dana/Documents/GitHub/MOSS-TAPS/MossTaps/data/Upload/O_P2_2014/I,_Stu(c87f16d0e9cda269a5c19e68612109b1)/ (42%)"
252,"http://moss.stanford.edu/results/736402409/match30.html","C:/Users/Dana/Documents/GitHub/MOSS-TAPS/MossTaps/data/Upload/C_P1_2015/Jones,_Tommy(0db34975171811623b0aa2e1bea58039)/ (8%)","C:/Users/Dana/Documents/GitHub/MOSS-TAPS/MossTaps/data/Upload/C_P2_2015/Butler,_Mary(0c44d3ae94ffd980f530907abdfdb901)/ (5%)"
212,"http://moss.stanford.edu/results/736402409/match31.html","C:/Users/Dana/Documents/GitHub/MOSS-TAPS/MossTaps/data/Upload/C_P2_2015/Gonzales,_Pedro(a876148095ff319cdf1d6d971f2c0ca5)/ (4%)","C:/Users/Dana/Documents/GitHub/MOSS-TAPS/MossTaps/data/Upload/C_P2_2015/Newman,_Joe(54fa6a0de05f3e459300f9e94f7228cf)/ (7%)"
187,"http://moss.stanford.edu/results/736402409/match32.html","C:/Users/Dana/Documents/GitHub/MOSS-TAPS/MossTaps/data/Upload/C_P2_2015/Gonzales,_Pedro(a876148095ff319cdf1d6d971f2c0ca5)/ (4%)","C:/Users/Dana/Documents/GitHub/MOSS-TAPS/MossTaps/data/Upload/O_P1_2014/V,_Stu(e4eccfa8a9dceb2e2902c8b052ce85b4)/ (17%)"
180,"http://moss.stanford.edu/results/736402409/match33.html","C:/Users/Dana/Documents/GitHub/MOSS-TAPS/MossTaps/data/Upload/C_P2_2015/Gonzales,_Pedro(a876148095ff319cdf1d6d971f2c0ca5)/ (4%)","C:/Users/Dana/Documents/GitHub/MOSS-TAPS/MossTaps/data/Upload/O_P2_2014/N,_Stu(e4eccfa8a9dceb2e2902c8b052ce85b4)/ (9%)"
171,"http://moss.stanford.edu/results/736402409/match34.html","C:/Users/Dana/Documents/GitHub/MOSS-TAPS/MossTaps/data/Upload/C_P2_2015/Gonzales,_Pedro(a876148095ff319cdf1d6d971f2c0ca5)/ (4%)","C:/Users/Dana/Documents/GitHub/MOSS-TAPS/MossTaps/data/Upload/O_P2_2014/O,_Stu(5041308ef3585f4cd6051da1dccd4331)/ (7%)"
179,"http://moss.stanford.edu/results/736402409/match35.html","C:/Users/Dana/Documents/GitHub/MOSS-TAPS/MossTaps/data/Upload/C_P2_2015/Bbc,_Has(5041308ef3585f4cd6051da1dccd4331)/ (9%)","C:/Users/Dana/Documents/GitHub/MOSS-TAPS/MossTaps/data/Upload/C_P2_2015/Gonzales,_Pedro(a876148095ff319cdf1d6d971f2c0ca5)/ (4%)"
171,"http://moss.stanford.edu/results/736402409/match36.html","C:/Users/Dana/Documents/GitHub/MOSS-TAPS/MossTaps/data/Upload/C_P2_2015/Aab,_Michael(7b90e57b05602edbeeea35b8ba37a0b1)/ (7%)","C:/Users/Dana/Documents/GitHub/MOSS-TAPS/MossTaps/data/Upload/C_P2_2015/Gonzales,_Pedro(a876148095ff319cdf1d6d971f2c0ca5)/ (4%)"
55,"http://moss.stanford.edu/results/736402409/match37.html","C:/Users/Dana/Documents/GitHub/MOSS-TAPS/MossTaps/data/Upload/C_P2_2015/Butler,_Mary(0c44d3ae94ffd980f530907abdfdb901)/ (1%)","C:/Users/Dana/Documents/GitHub/MOSS-TAPS/MossTaps/data/Upload/C_P2_2015/Gonzales,_Pedro(a876148095ff319cdf1d6d971f2c0ca5)/ (1%)"
39,"http://moss.stanford.edu/results/736402409/match38.html","C:/Users/Dana/Documents/GitHub/MOSS-TAPS/MossTaps/data/Upload/C_P2_2015/Jones,_Tommy(0db34975171811623b0aa2e1bea58039)/ (1%)","C:/Users/Dana/Documents/GitHub/MOSS-TAPS/MossTaps/data/Upload/O_P2_2014/O,_Stu(5041308ef3585f4cd6051da1dccd4331)/ (2%)"
36,"http://moss.stanford.edu/results/736402409/match39.html","C:/Users/Dana/Documents/GitHub/MOSS-TAPS/MossTaps/data/Upload/C_P2_2015/Aab,_Michael(7b90e57b05602edbeeea35b8ba37a0b1)/ (2%)","C:/Users/Dana/Documents/GitHub/MOSS-TAPS/MossTaps/data/Upload/C_P2_2015/Jones,_Tommy(0db34975171811623b0aa2e1bea58039)/ (1%)"
50,"http://moss.stanford.edu/results/736402409/match40.html","C:/Users/Dana/Documents/GitHub/MOSS-TAPS/MossTaps/data/Upload/C_P2_2015/Jones,_Tommy(0db34975171811623b0aa2e1bea58039)/ (1%)","C:/Users/Dana/Documents/GitHub/MOSS-TAPS/MossTaps/data/Upload/O_P2_2014/I,_Stu(c87f16d0e9cda269a5c19e68612109b1)/ (4%)"
69,"http://moss.stanford.edu/results/736402409/match41.html","C:/Users/Dana/Documents/GitHub/MOSS-TAPS/MossTaps/data/Upload/C_P2_2015/Boop,_Betty(168e38a05dfd8bb5e4d1aa3084f98cec)/ (1%)","C:/Users/Dana/Documents/GitHub/MOSS-TAPS/MossTaps/data/Upload/C_P2_2015/Butler,_Mary(0c44d3ae94ffd980f530907abdfdb901)/ (0%)"
19,"http://moss.stanford.edu/results/736402409/match42.html","C:/Users/Dana/Documents/GitHub/MOSS-TAPS/MossTaps/data/Upload/O_P2_2014/I,_Stu(c87f16d0e9cda269a5c19e68612109b1)/ (4%)","C:/Users/Dana/Documents/GitHub/MOSS-TAPS/MossTaps/data/Upload/O_P2_2014/O,_Stu(5041308ef3585f4cd6051da1dccd4331)/ (1%)"
27,"http://moss.stanford.edu/results/736402409/match43.html","C:/Users/Dana/Documents/GitHub/MOSS-TAPS/MossTaps/data/Upload/C_P2_2015/Butler,_Mary(0c44d3ae94ffd980f530907abdfdb901)/ (0%)","C:/Users/Dana/Documents/GitHub/MOSS-TAPS/MossTaps/data/Upload/C_P2_2015/Newman,_Joe(54fa6a0de05f3e459300f9e94f7228cf)/ (1%)"
19,"http://moss.stanford.edu/results/736402409/match44.html","C:/Users/Dana/Documents/GitHub/MOSS-TAPS/MossTaps/data/Upload/C_P2_2015/Aab,_Michael(7b90e57b05602edbeeea35b8ba37a0b1)/ (1%)","C:/Users/Dana/Documents/GitHub/MOSS-TAPS/MossTaps/data/Upload/O_P2_2014/I,_Stu(c87f16d0e9cda269a5c19e68612109b1)/ (4%)"
30,"http://moss.stanford.edu/results/736402409/match45.html","C:/Users/Dana/Documents/GitHub/MOSS-TAPS/MossTaps/data/Upload/C_P1_2015/Black,_Lisa(82d08df03494defb6b12f52319752fdc)/ (1%)","C:/Users/Dana/Documents/GitHub/MOSS-TAPS/MossTaps/data/Upload/C_P2_2015/Butler,_Mary(0c44d3ae94ffd980f530907abdfdb901)/ (0%)"
10,"http://moss.stanford.edu/results/736402409/match46.html","C:/Users/Dana/Documents/GitHub/MOSS-TAPS/MossTaps/data/Upload/O_P1_2014/R,_Stu(fdff9c54a88cb0c4288d5d2618f64fd8)/ (4%)","C:/Users/Dana/Documents/GitHub/MOSS-TAPS/MossTaps/data/Upload/O_P2_2014/J,_Stu(fdff9c54a88cb0c4288d5d2618f64fd8)/ (4%)"
40,"http://moss.stanford.edu/results/736402409/match47.html","C:/Users/Dana/Documents/GitHub/MOSS-TAPS/MossTaps/data/Upload/C_P1_2015/Green,_Simonel(86c7ea55381094ef1374bc79524ba7b7)/ (2%)","C:/Users/Dana/Documents/GitHub/MOSS-TAPS/MossTaps/data/Upload/C_P2_2015/Butler,_Mary(0c44d3ae94ffd980f530907abdfdb901)/ (0%)"
56,"http://moss.stanford.edu/results/736402409/match48.html","C:/Users/Dana/Documents/GitHub/MOSS-TAPS/MossTaps/data/Upload/C_P2_2015/Newman,_Joe(54fa6a0de05f3e459300f9e94f7228cf)/ (1%)","C:/Users/Dana/Documents/GitHub/MOSS-TAPS/MossTaps/data/Upload/O_P1_2014/T,_Stu(21f2212719b3c956cfeec91a639a019f)/ (2%)"
34,"http://moss.stanford.edu/results/736402409/match49.html","C:/Users/Dana/Documents/GitHub/MOSS-TAPS/MossTaps/data/Upload/C_P1_2015/Sunam,_Jerry(a078102843453dd4fe10ec0873d6e998)/ (6%)","C:/Users/Dana/Documents/GitHub/MOSS-TAPS/MossTaps/data/Upload/O_P2_2014/N,_Stu(e4eccfa8a9dceb2e2902c8b052ce85b4)/ (1%)"
29,"http://moss.stanford.edu/results/736402409/match50.html","C:/Users/Dana/Documents/GitHub/MOSS-TAPS/MossTaps/data/Upload/C_P1_2015/Lu,_Ben(6e43dde6ee96247f8d811d9acb6687e3)/ (1%)","C:/Users/Dana/Documents/GitHub/MOSS-TAPS/MossTaps/data/Upload/C_P2_2015/Gonzales,_Pedro(a876148095ff319cdf1d6d971f2c0ca5)/ (0%)"
29,"http://moss.stanford.edu/results/736402409/match51.html","C:/Users/Dana/Documents/GitHub/MOSS-TAPS/MossTaps/data/Upload/C_P2_2015/Butler,_Mary(0c44d3ae94ffd980f530907abdfdb901)/ (0%)","C:/Users/Dana/Documents/GitHub/MOSS-TAPS/MossTaps/data/Upload/O_P2_2014/K,_Stu(b72a6ef515dfe775b81c412263fcc24d)/ (1%)"
29,"http://moss.stanford.edu/results/736402409/match52.html","C:/Users/Dana/Documents/GitHub/MOSS-TAPS/MossTaps/data/Upload/C_P2_2015/Boop,_Betty(168e38a05dfd8bb5e4d1aa3084f98cec)/ (1%)","C:/Users/Dana/Documents/GitHub/MOSS-TAPS/MossTaps/data/Upload/C_P2_2015/Newman,_Joe(54fa6a0de05f3e459300f9e94f7228cf)/ (0%)"
29,"http://moss.stanford.edu/results/736402409/match53.html","C:/Users/Dana/Documents/GitHub/MOSS-TAPS/MossTaps/data/Upload/C_P1_2015/Lu,_Ben(6e43dde6ee96247f8d811d9acb6687e3)/ (1%)","C:/Users/Dana/Documents/GitHub/MOSS-TAPS/MossTaps/data/Upload/C_P2_2015/Boop,_Betty(168e38a05dfd8bb5e4d1aa3084f98cec)/ (1%)"
75,"http://moss.stanford.edu/results/736402409/match54.html","C:/Users/Dana/Documents/GitHub/MOSS-TAPS/MossTaps/data/Upload/C_P2_2015/Bbc,_Has(5041308ef3585f4cd6051da1dccd4331)/ (1%)","C:/Users/Dana/Documents/GitHub/MOSS-TAPS/MossTaps/data/Upload/O_P2_2014/H,_Stu(41e869b8be1ff2f45a0f7679f0612c02)/ (4%)"
47,"http://moss.stanford.edu/results/736402409/match55.html","C:/Users/Dana/Documents/GitHub/MOSS-TAPS/MossTaps/data/Upload/C_P1_2015/Newman,_Joe(54fa6a0de05f3e459300f9e94f7228cf)/ (2%)","C:/Users/Dana/Documents/GitHub/MOSS-TAPS/MossTaps/data/Upload/C_P2_2015/Butler,_Mary(0c44d3ae94ffd980f530907abdfdb901)/ (0%)"
23,"http://moss.stanford.edu/results/736402409/match56.html","C:/Users/Dana/Documents/GitHub/MOSS-TAPS/MossTaps/data/Upload/C_P1_2015/Green,_Simonel(86c7ea55381094ef1374bc79524ba7b7)/ (2%)","C:/Users/Dana/Documents/GitHub/MOSS-TAPS/MossTaps/data/Upload/O_P2_2014/N,_Stu(e4eccfa8a9dceb2e2902c8b052ce85b4)/ (1%)"
23,"http://moss.stanford.edu/results/736402409/match57.html","C:/Users/Dana/Documents/GitHub/MOSS-TAPS/MossTaps/data/Upload/C_P1_2015/Green,_Simonel(86c7ea55381094ef1374bc79524ba7b7)/ (2%)","C:/Users/Dana/Documents/GitHub/MOSS-TAPS/MossTaps/data/Upload/O_P1_2014/V,_Stu(e4eccfa8a9dceb2e2902c8b052ce85b4)/ (2%)"
25,"http://moss.stanford.edu/results/736402409/match58.html","C:/Users/Dana/Documents/GitHub/MOSS-TAPS/MossTaps/data/Upload/C_P1_2015/Boop,_Betty(168e38a05dfd8bb5e4d1aa3084f98cec)/ (6%)","C:/Users/Dana/Documents/GitHub/MOSS-TAPS/MossTaps/data/Upload/O_P2_2014/O,_Stu(5041308ef3585f4cd6051da1dccd4331)/ (1%)"
25,"http://moss.stanford.edu/results/736402409/match59.html","C:/Users/Dana/Documents/GitHub/MOSS-TAPS/MossTaps/data/Upload/C_P1_2015/Boop,_Betty(168e38a05dfd8bb5e4d1aa3084f98cec)/ (6%)","C:/Users/Dana/Documents/GitHub/MOSS-TAPS/MossTaps/data/Upload/C_P2_2015/Aab,_Michael(7b90e57b05602edbeeea35b8ba37a0b1)/ (1%)"
38,"http://moss.stanford.edu/results/736402409/match60.html","C:/Users/Dana/Documents/GitHub/MOSS-TAPS/MossTaps/data/Upload/C_P1_2015/Black,_Lisa(82d08df03494defb6b12f52319752fdc)/ (1%)","C:/Users/Dana/Documents/GitHub/MOSS-TAPS/MossTaps/data/Upload/C_P2_2015/Newman,_Joe(54fa6a0de05f3e459300f9e94f7228cf)/ (0%)"
35,"http://moss.stanford.edu/results/736402409/match61.html","C:/Users/Dana/Documents/GitHub/MOSS-TAPS/MossTaps/data/Upload/C_P2_2015/Bbc,_Has(5041308ef3585f4cd6051da1dccd4331)/ (1%)","C:/Users/Dana/Documents/GitHub/MOSS-TAPS/MossTaps/data/Upload/O_P2_2014/L,_Stu(21f2212719b3c956cfeec91a639a019f)/ (1%)"
56,"http://moss.stanford.edu/results/736402409/match62.html","C:/Users/Dana/Documents/GitHub/MOSS-TAPS/MossTaps/data/Upload/C_P2_2015/Newman,_Joe(54fa6a0de05f3e459300f9e94f7228cf)/ (0%)","C:/Users/Dana/Documents/GitHub/MOSS-TAPS/MossTaps/data/Upload/O_P2_2014/H,_Stu(41e869b8be1ff2f45a0f7679f0612c02)/ (4%)"
56,"http://moss.stanford.edu/results/736402409/match63.html","C:/Users/Dana/Documents/GitHub/MOSS-TAPS/MossTaps/data/Upload/C_P2_2015/Newman,_Joe(54fa6a0de05f3e459300f9e94f7228cf)/ (0%)","C:/Users/Dana/Documents/GitHub/MOSS-TAPS/MossTaps/data/Upload/O_P1_2014/Al,_Stu(41e869b8be1ff2f45a0f7679f0612c02)/ (6%)"
84,"http://moss.stanford.edu/results/736402409/match64.html","C:/Users/Dana/Documents/GitHub/MOSS-TAPS/MossTaps/data/Upload/O_P2_2014/L,_Stu(21f2212719b3c956cfeec91a639a019f)/ (1%)","C:/Users/Dana/Documents/GitHub/MOSS-TAPS/MossTaps/data/Upload/O_P2_2014/O,_Stu(5041308ef3585f4cd6051da1dccd4331)/ (0%)"
14,"http://moss.stanford.edu/results/736402409/match65.html","C:/Users/Dana/Documents/GitHub/MOSS-TAPS/MossTaps/data/Upload/C_P2_2015/Newman,_Joe(54fa6a0de05f3e459300f9e94f7228cf)/ (0%)","C:/Users/Dana/Documents/GitHub/MOSS-TAPS/MossTaps/data/Upload/O_P2_2014/K,_Stu(b72a6ef515dfe775b81c412263fcc24d)/ (0%)"
41,"http://moss.stanford.edu/results/736402409/match66.html","C:/Users/Dana/Documents/GitHub/MOSS-TAPS/MossTaps/data/Upload/C_P2_2015/Jones,_Tommy(0db34975171811623b0aa2e1bea58039)/ (0%)","C:/Users/Dana/Documents/GitHub/MOSS-TAPS/MossTaps/data/Upload/O_P1_2014/Q,__Stu(c87f16d0e9cda269a5c19e68612109b1)/ (5%)"
84,"http://moss.stanford.edu/results/736402409/match67.html","C:/Users/Dana/Documents/GitHub/MOSS-TAPS/MossTaps/data/Upload/C_P2_2015/Aab,_Michael(7b90e57b05602edbeeea35b8ba37a0b1)/ (0%)","C:/Users/Dana/Documents/GitHub/MOSS-TAPS/MossTaps/data/Upload/O_P2_2014/L,_Stu(21f2212719b3c956cfeec91a639a019f)/ (1%)"
13,"http://moss.stanford.edu/results/736402409/match68.html","C:/Users/Dana/Documents/GitHub/MOSS-TAPS/MossTaps/data/Upload/C_P2_2015/Butler,_Mary(0c44d3ae94ffd980f530907abdfdb901)/ (0%)","C:/Users/Dana/Documents/GitHub/MOSS-TAPS/MossTaps/data/Upload/O_P2_2014/N,_Stu(e4eccfa8a9dceb2e2902c8b052ce85b4)/ (1%)"
27,"http://moss.stanford.edu/results/736402409/match69.html","C:/Users/Dana/Documents/GitHub/MOSS-TAPS/MossTaps/data/Upload/C_P1_2015/Newman,_Joe(54fa6a0de05f3e459300f9e94f7228cf)/ (1%)","C:/Users/Dana/Documents/GitHub/MOSS-TAPS/MossTaps/data/Upload/C_P2_2015/Newman,_Joe(54fa6a0de05f3e459300f9e94f7228cf)/ (0%)"
27,"http://moss.stanford.edu/results/736402409/match70.html","C:/Users/Dana/Documents/GitHub/MOSS-TAPS/MossTaps/data/Upload/C_P1_2015/Lu,_Ben(6e43dde6ee96247f8d811d9acb6687e3)/ (1%)","C:/Users/Dana/Documents/GitHub/MOSS-TAPS/MossTaps/data/Upload/C_P1_2015/Newman,_Joe(54fa6a0de05f3e459300f9e94f7228cf)/ (1%)"
25,"http://moss.stanford.edu/results/736402409/match71.html","C:/Users/Dana/Documents/GitHub/MOSS-TAPS/MossTaps/data/Upload/C_P1_2015/Jones,_Tommy(0db34975171811623b0aa2e1bea58039)/ (0%)","C:/Users/Dana/Documents/GitHub/MOSS-TAPS/MossTaps/data/Upload/O_P2_2014/I,_Stu(c87f16d0e9cda269a5c19e68612109b1)/ (2%)"
84,"http://moss.stanford.edu/results/736402409/match72.html","C:/Users/Dana/Documents/GitHub/MOSS-TAPS/MossTaps/data/Upload/O_P1_2014/T,_Stu(21f2212719b3c956cfeec91a639a019f)/ (2%)","C:/Users/Dana/Documents/GitHub/MOSS-TAPS/MossTaps/data/Upload/O_P2_2014/O,_Stu(5041308ef3585f4cd6051da1dccd4331)/ (0%)"
84,"http://moss.stanford.edu/results/736402409/match73.html","C:/Users/Dana/Documents/GitHub/MOSS-TAPS/MossTaps/data/Upload/C_P2_2015/Aab,_Michael(7b90e57b05602edbeeea35b8ba37a0b1)/ (0%)","C:/Users/Dana/Documents/GitHub/MOSS-TAPS/MossTaps/data/Upload/O_P1_2014/T,_Stu(21f2212719b3c956cfeec91a639a019f)/ (2%)"
19,"http://moss.stanford.edu/results/736402409/match74.html","C:/Users/Dana/Documents/GitHub/MOSS-TAPS/MossTaps/data/Upload/C_P2_2015/Butler,_Mary(0c44d3ae94ffd980f530907abdfdb901)/ (0%)","C:/Users/Dana/Documents/GitHub/MOSS-TAPS/MossTaps/data/Upload/O_P1_2014/V,_Stu(e4eccfa8a9dceb2e2902c8b052ce85b4)/ (1%)"
21,"http://moss.stanford.edu/results/736402409/match75.html","C:/Users/Dana/Documents/GitHub/MOSS-TAPS/MossTaps/data/Upload/C_P2_2015/Butler,_Mary(0c44d3ae94ffd980f530907abdfdb901)/ (0%)","C:/Users/Dana/Documents/GitHub/MOSS-TAPS/MossTaps/data/Upload/O_P1_2014/T,_Stu(21f2212719b3c956cfeec91a639a019f)/ (1%)"
34,"http://moss.stanford.edu/results/736402409/match76.html","C:/Users/Dana/Documents/GitHub/MOSS-TAPS/MossTaps/data/Upload/C_P1_2015/Lu,_Ben(6e43dde6ee96247f8d811d9acb6687e3)/ (1%)","C:/Users/Dana/Documents/GitHub/MOSS-TAPS/MossTaps/data/Upload/O_P2_2014/H,_Stu(41e869b8be1ff2f45a0f7679f0612c02)/ (3%)"
26,"http://moss.stanford.edu/results/736402409/match77.html","C:/Users/Dana/Documents/GitHub/MOSS-TAPS/MossTaps/data/Upload/O_P2_2014/L,_Stu(21f2212719b3c956cfeec91a639a019f)/ (1%)","C:/Users/Dana/Documents/GitHub/MOSS-TAPS/MossTaps/data/Upload/O_P2_2014/N,_Stu(e4eccfa8a9dceb2e2902c8b052ce85b4)/ (1%)"
11,"http://moss.stanford.edu/results/736402409/match78.html","C:/Users/Dana/Documents/GitHub/MOSS-TAPS/MossTaps/data/Upload/C_P2_2015/Jones,_Tommy(0db34975171811623b0aa2e1bea58039)/ (0%)","C:/Users/Dana/Documents/GitHub/MOSS-TAPS/MossTaps/data/Upload/O_P2_2014/L,_Stu(21f2212719b3c956cfeec91a639a019f)/ (1%)"
17,"http://moss.stanford.edu/results/736402409/match79.html","C:/Users/Dana/Documents/GitHub/MOSS-TAPS/MossTaps/data/Upload/C_P2_2015/Gonzales,_Pedro(a876148095ff319cdf1d6d971f2c0ca5)/ (0%)","C:/Users/Dana/Documents/GitHub/MOSS-TAPS/MossTaps/data/Upload/O_P1_2014/T,_Stu(21f2212719b3c956cfeec91a639a019f)/ (1%)"
19,"http://moss.stanford.edu/results/736402409/match80.html","C:/Users/Dana/Documents/GitHub/MOSS-TAPS/MossTaps/data/Upload/C_P1_2015/Jones,_Tommy(0db34975171811623b0aa2e1bea58039)/ (0%)","C:/Users/Dana/Documents/GitHub/MOSS-TAPS/MossTaps/data/Upload/O_P2_2014/J,_Stu(fdff9c54a88cb0c4288d5d2618f64fd8)/ (2%)"
17,"http://moss.stanford.edu/results/736402409/match81.html","C:/Users/Dana/Documents/GitHub/MOSS-TAPS/MossTaps/data/Upload/C_P1_2015/Jones,_Tommy(0db34975171811623b0aa2e1bea58039)/ (0%)","C:/Users/Dana/Documents/GitHub/MOSS-TAPS/MossTaps/data/Upload/C_P2_2015/Newman,_Joe(54fa6a0de05f3e459300f9e94f7228cf)/ (0%)"
17,"http://moss.stanford.edu/results/736402409/match82.html","C:/Users/Dana/Documents/GitHub/MOSS-TAPS/MossTaps/data/Upload/C_P1_2015/Black,_Lisa(82d08df03494defb6b12f52319752fdc)/ (0%)","C:/Users/Dana/Documents/GitHub/MOSS-TAPS/MossTaps/data/Upload/O_P1_2014/T,_Stu(21f2212719b3c956cfeec91a639a019f)/ (1%)"
70,"http://moss.stanford.edu/results/736402409/match83.html","C:/Users/Dana/Documents/GitHub/MOSS-TAPS/MossTaps/data/Upload/O_P1_2014/R,_Stu(fdff9c54a88cb0c4288d5d2618f64fd8)/ (2%)","C:/Users/Dana/Documents/GitHub/MOSS-TAPS/MossTaps/data/Upload/O_P1_2014/X,_Stu(5041308ef3585f4cd6051da1dccd4331)/ (2%)"
10,"http://moss.stanford.edu/results/736402409/match84.html","C:/Users/Dana/Documents/GitHub/MOSS-TAPS/MossTaps/data/Upload/C_P2_2015/Jones,_Tommy(0db34975171811623b0aa2e1bea58039)/ (0%)","C:/Users/Dana/Documents/GitHub/MOSS-TAPS/MossTaps/data/Upload/O_P2_2014/N,_Stu(e4eccfa8a9dceb2e2902c8b052ce85b4)/ (0%)"
10,"http://moss.stanford.edu/results/736402409/match85.html","C:/Users/Dana/Documents/GitHub/MOSS-TAPS/MossTaps/data/Upload/C_P2_2015/Jones,_Tommy(0db34975171811623b0aa2e1bea58039)/ (0%)","C:/Users/Dana/Documents/GitHub/MOSS-TAPS/MossTaps/data/Upload/O_P1_2014/V,_Stu(e4eccfa8a9dceb2e2902c8b052ce85b4)/ (1%)"
57,"http://moss.stanford.edu/results/736402409/match86.html","C:/Users/Dana/Documents/GitHub/MOSS-TAPS/MossTaps/data/Upload/C_P2_2015/Bbc,_Has(5041308ef3585f4cd6051da1dccd4331)/ (0%)","C:/Users/Dana/Documents/GitHub/MOSS-TAPS/MossTaps/data/Upload/O_P1_2014/Al,_Stu(41e869b8be1ff2f45a0f7679f0612c02)/ (4%)"
13,"http://moss.stanford.edu/results/736402409/match87.html","C:/Users/Dana/Documents/GitHub/MOSS-TAPS/MossTaps/data/Upload/C_P1_2015/Sunam,_Jerry(a078102843453dd4fe10ec0873d6e998)/ (4%)","C:/Users/Dana/Documents/GitHub/MOSS-TAPS/MossTaps/data/Upload/O_P2_2014/K,_Stu(b72a6ef515dfe775b81c412263fcc24d)/ (0%)"
39,"http://moss.stanford.edu/results/736402409/match88.html","C:/Users/Dana/Documents/GitHub/MOSS-TAPS/MossTaps/data/Upload/C_P1_2015/Boop,_Betty(168e38a05dfd8bb5e4d1aa3084f98cec)/ (4%)","C:/Users/Dana/Documents/GitHub/MOSS-TAPS/MossTaps/data/Upload/O_P2_2014/H,_Stu(41e869b8be1ff2f45a0f7679f0612c02)/ (3%)"
70,"http://moss.stanford.edu/results/736402409/match89.html","C:/Users/Dana/Documents/GitHub/MOSS-TAPS/MossTaps/data/Upload/C_P1_2015/Bbc,_Has(5041308ef3585f4cd6051da1dccd4331)/ (2%)","C:/Users/Dana/Documents/GitHub/MOSS-TAPS/MossTaps/data/Upload/O_P1_2014/R,_Stu(fdff9c54a88cb0c4288d5d2618f64fd8)/ (2%)"
11,"http://moss.stanford.edu/results/736402409/match90.html","C:/Users/Dana/Documents/GitHub/MOSS-TAPS/MossTaps/data/Upload/C_P2_2015/Butler,_Mary(0c44d3ae94ffd980f530907abdfdb901)/ (0%)","C:/Users/Dana/Documents/GitHub/MOSS-TAPS/MossTaps/data/Upload/O_P2_2014/J,_Stu(fdff9c54a88cb0c4288d5d2618f64fd8)/ (2%)"
7,"http://moss.stanford.edu/results/736402409/match91.html","C:/Users/Dana/Documents/GitHub/MOSS-TAPS/MossTaps/data/Upload/C_P1_2015/Sunam,_Jerry(a078102843453dd4fe10ec0873d6e998)/ (4%)","C:/Users/Dana/Documents/GitHub/MOSS-TAPS/MossTaps/data/Upload/O_P2_2014/O,_Stu(5041308ef3585f4cd6051da1dccd4331)/ (0%)"
7,"http://moss.stanford.edu/results/736402409/match92.html","C:/Users/Dana/Documents/GitHub/MOSS-TAPS/MossTaps/data/Upload/C_P1_2015/Sunam,_Jerry(a078102843453dd4fe10ec0873d6e998)/ (4%)","C:/Users/Dana/Documents/GitHub/MOSS-TAPS/MossTaps/data/Upload/O_P1_2014/X,_Stu(5041308ef3585f4cd6051da1dccd4331)/ (2%)"
7,"http://moss.stanford.edu/results/736402409/match93.html","C:/Users/Dana/Documents/GitHub/MOSS-TAPS/MossTaps/data/Upload/C_P1_2015/Sunam,_Jerry(a078102843453dd4fe10ec0873d6e998)/ (4%)","C:/Users/Dana/Documents/GitHub/MOSS-TAPS/MossTaps/data/Upload/C_P2_2015/Aab,_Michael(7b90e57b05602edbeeea35b8ba37a0b1)/ (0%)"
20,"http://moss.stanford.edu/results/736402409/match94.html","C:/Users/Dana/Documents/GitHub/MOSS-TAPS/MossTaps/data/Upload/C_P1_2015/Green,_Simonel(86c7ea55381094ef1374bc79524ba7b7)/ (1%)","C:/Users/Dana/Documents/GitHub/MOSS-TAPS/MossTaps/data/Upload/O_P2_2014/O,_Stu(5041308ef3585f4cd6051da1dccd4331)/ (0%)"
20,"http://moss.stanford.edu/results/736402409/match95.html","C:/Users/Dana/Documents/GitHub/MOSS-TAPS/MossTaps/data/Upload/C_P1_2015/Green,_Simonel(86c7ea55381094ef1374bc79524ba7b7)/ (1%)","C:/Users/Dana/Documents/GitHub/MOSS-TAPS/MossTaps/data/Upload/C_P2_2015/Newman,_Joe(54fa6a0de05f3e459300f9e94f7228cf)/ (0%)"
41,"http://moss.stanford.edu/results/736402409/match96.html","C:/Users/Dana/Documents/GitHub/MOSS-TAPS/MossTaps/data/Upload/C_P1_2015/Green,_Simonel(86c7ea55381094ef1374bc79524ba7b7)/ (1%)","C:/Users/Dana/Documents/GitHub/MOSS-TAPS/MossTaps/data/Upload/C_P2_2015/Bbc,_Has(5041308ef3585f4cd6051da1dccd4331)/ (0%)"
20,"http://moss.stanford.edu/results/736402409/match97.html","C:/Users/Dana/Documents/GitHub/MOSS-TAPS/MossTaps/data/Upload/C_P1_2015/Green,_Simonel(86c7ea55381094ef1374bc79524ba7b7)/ (1%)","C:/Users/Dana/Documents/GitHub/MOSS-TAPS/MossTaps/data/Upload/C_P2_2015/Aab,_Michael(7b90e57b05602edbeeea35b8ba37a0b1)/ (0%)"
15,"http://moss.stanford.edu/results/736402409/match98.html","C:/Users/Dana/Documents/GitHub/MOSS-TAPS/MossTaps/data/Upload/C_P1_2015/Black,_Lisa(82d08df03494defb6b12f52319752fdc)/ (0%)","C:/Users/Dana/Documents/GitHub/MOSS-TAPS/MossTaps/data/Upload/O_P2_2014/K,_Stu(b72a6ef515dfe775b81c412263fcc24d)/ (0%)"
7,"http://moss.stanford.edu/results/736402409/match99.html","C:/Users/Dana/Documents/GitHub/MOSS-TAPS/MossTaps/data/Upload/C_P1_2015/Bbc,_Has(5041308ef3585f4cd6051da1dccd4331)/ (2%)","C:/Users/Dana/Documents/GitHub/MOSS-TAPS/MossTaps/data/Upload/C_P1_2015/Sunam,_Jerry(a078102843453dd4fe10ec0873d6e998)/ (4%)"
6,"http://moss.stanford.edu/results/736402409/match100.html","C:/Users/Dana/Documents/GitHub/MOSS-TAPS/MossTaps/data/Upload/O_P1_2014/X,_Stu(5041308ef3585f4cd6051da1dccd4331)/ (2%)","C:/Users/Dana/Documents/GitHub/MOSS-TAPS/MossTaps/data/Upload/O_P2_2014/K,_Stu(b72a6ef515dfe775b81c412263fcc24d)/ (0%)"
44,"http://moss.stanford.edu/results/736402409/match101.html","C:/Users/Dana/Documents/GitHub/MOSS-TAPS/MossTaps/data/Upload/O_P1_2014/T,_Stu(21f2212719b3c956cfeec91a639a019f)/ (1%)","C:/Users/Dana/Documents/GitHub/MOSS-TAPS/MossTaps/data/Upload/O_P2_2014/N,_Stu(e4eccfa8a9dceb2e2902c8b052ce85b4)/ (0%)"
44,"http://moss.stanford.edu/results/736402409/match102.html","C:/Users/Dana/Documents/GitHub/MOSS-TAPS/MossTaps/data/Upload/O_P1_2014/T,_Stu(21f2212719b3c956cfeec91a639a019f)/ (1%)","C:/Users/Dana/Documents/GitHub/MOSS-TAPS/MossTaps/data/Upload/O_P1_2014/V,_Stu(e4eccfa8a9dceb2e2902c8b052ce85b4)/ (1%)"
6,"http://moss.stanford.edu/results/736402409/match103.html","C:/Users/Dana/Documents/GitHub/MOSS-TAPS/MossTaps/data/Upload/O_P1_2014/S,_Stu(b72a6ef515dfe775b81c412263fcc24d)/ (2%)","C:/Users/Dana/Documents/GitHub/MOSS-TAPS/MossTaps/data/Upload/O_P1_2014/X,_Stu(5041308ef3585f4cd6051da1dccd4331)/ (2%)"
25,"http://moss.stanford.edu/results/736402409/match104.html","C:/Users/Dana/Documents/GitHub/MOSS-TAPS/MossTaps/data/Upload/O_P1_2014/Q,__Stu(c87f16d0e9cda269a5c19e68612109b1)/ (4%)","C:/Users/Dana/Documents/GitHub/MOSS-TAPS/MossTaps/data/Upload/O_P2_2014/O,_Stu(5041308ef3585f4cd6051da1dccd4331)/ (0%)"
10,"http://moss.stanford.edu/results/736402409/match105.html","C:/Users/Dana/Documents/GitHub/MOSS-TAPS/MossTaps/data/Upload/C_P2_2015/Gonzales,_Pedro(a876148095ff319cdf1d6d971f2c0ca5)/ (0%)","C:/Users/Dana/Documents/GitHub/MOSS-TAPS/MossTaps/data/Upload/O_P2_2014/K,_Stu(b72a6ef515dfe775b81c412263fcc24d)/ (0%)"
21,"http://moss.stanford.edu/results/736402409/match106.html","C:/Users/Dana/Documents/GitHub/MOSS-TAPS/MossTaps/data/Upload/C_P2_2015/Butler,_Mary(0c44d3ae94ffd980f530907abdfdb901)/ (0%)","C:/Users/Dana/Documents/GitHub/MOSS-TAPS/MossTaps/data/Upload/O_P2_2014/O,_Stu(5041308ef3585f4cd6051da1dccd4331)/ (0%)"
12,"http://moss.stanford.edu/results/736402409/match107.html","C:/Users/Dana/Documents/GitHub/MOSS-TAPS/MossTaps/data/Upload/C_P2_2015/Butler,_Mary(0c44d3ae94ffd980f530907abdfdb901)/ (0%)","C:/Users/Dana/Documents/GitHub/MOSS-TAPS/MossTaps/data/Upload/C_P2_2015/Jones,_Tommy(0db34975171811623b0aa2e1bea58039)/ (0%)"
22,"http://moss.stanford.edu/results/736402409/match108.html","C:/Users/Dana/Documents/GitHub/MOSS-TAPS/MossTaps/data/Upload/C_P2_2015/Boop,_Betty(168e38a05dfd8bb5e4d1aa3084f98cec)/ (0%)","C:/Users/Dana/Documents/GitHub/MOSS-TAPS/MossTaps/data/Upload/O_P2_2014/O,_Stu(5041308ef3585f4cd6051da1dccd4331)/ (0%)"
44,"http://moss.stanford.edu/results/736402409/match109.html","C:/Users/Dana/Documents/GitHub/MOSS-TAPS/MossTaps/data/Upload/C_P2_2015/Bbc,_Has(5041308ef3585f4cd6051da1dccd4331)/ (0%)","C:/Users/Dana/Documents/GitHub/MOSS-TAPS/MossTaps/data/Upload/O_P1_2014/T,_Stu(21f2212719b3c956cfeec91a639a019f)/ (1%)"
25,"http://moss.stanford.edu/results/736402409/match110.html","C:/Users/Dana/Documents/GitHub/MOSS-TAPS/MossTaps/data/Upload/C_P2_2015/Aab,_Michael(7b90e57b05602edbeeea35b8ba37a0b1)/ (0%)","C:/Users/Dana/Documents/GitHub/MOSS-TAPS/MossTaps/data/Upload/O_P1_2014/Q,__Stu(c87f16d0e9cda269a5c19e68612109b1)/ (4%)"
22,"http://moss.stanford.edu/results/736402409/match111.html","C:/Users/Dana/Documents/GitHub/MOSS-TAPS/MossTaps/data/Upload/C_P2_2015/Aab,_Michael(7b90e57b05602edbeeea35b8ba37a0b1)/ (0%)","C:/Users/Dana/Documents/GitHub/MOSS-TAPS/MossTaps/data/Upload/C_P2_2015/Butler,_Mary(0c44d3ae94ffd980f530907abdfdb901)/ (0%)"
22,"http://moss.stanford.edu/results/736402409/match112.html","C:/Users/Dana/Documents/GitHub/MOSS-TAPS/MossTaps/data/Upload/C_P2_2015/Aab,_Michael(7b90e57b05602edbeeea35b8ba37a0b1)/ (0%)","C:/Users/Dana/Documents/GitHub/MOSS-TAPS/MossTaps/data/Upload/C_P2_2015/Boop,_Betty(168e38a05dfd8bb5e4d1aa3084f98cec)/ (0%)"
71,"http://moss.stanford.edu/results/736402409/match113.html","C:/Users/Dana/Documents/GitHub/MOSS-TAPS/MossTaps/data/Upload/C_P1_2015/Newman,_Joe(54fa6a0de05f3e459300f9e94f7228cf)/ (1%)","C:/Users/Dana/Documents/GitHub/MOSS-TAPS/MossTaps/data/Upload/O_P2_2014/O,_Stu(5041308ef3585f4cd6051da1dccd4331)/ (0%)"
71,"http://moss.stanford.edu/results/736402409/match114.html","C:/Users/Dana/Documents/GitHub/MOSS-TAPS/MossTaps/data/Upload/C_P1_2015/Newman,_Joe(54fa6a0de05f3e459300f9e94f7228cf)/ (1%)","C:/Users/Dana/Documents/GitHub/MOSS-TAPS/MossTaps/data/Upload/C_P2_2015/Aab,_Michael(7b90e57b05602edbeeea35b8ba37a0b1)/ (0%)"
6,"http://moss.stanford.edu/results/736402409/match115.html","C:/Users/Dana/Documents/GitHub/MOSS-TAPS/MossTaps/data/Upload/C_P1_2015/Bbc,_Has(5041308ef3585f4cd6051da1dccd4331)/ (2%)","C:/Users/Dana/Documents/GitHub/MOSS-TAPS/MossTaps/data/Upload/O_P2_2014/K,_Stu(b72a6ef515dfe775b81c412263fcc24d)/ (0%)"
6,"http://moss.stanford.edu/results/736402409/match116.html","C:/Users/Dana/Documents/GitHub/MOSS-TAPS/MossTaps/data/Upload/C_P1_2015/Bbc,_Has(5041308ef3585f4cd6051da1dccd4331)/ (2%)","C:/Users/Dana/Documents/GitHub/MOSS-TAPS/MossTaps/data/Upload/O_P1_2014/S,_Stu(b72a6ef515dfe775b81c412263fcc24d)/ (2%)"
20,"http://moss.stanford.edu/results/736402409/match117.html","C:/Users/Dana/Documents/GitHub/MOSS-TAPS/MossTaps/data/Upload/C_P1_2015/Lu,_Ben(6e43dde6ee96247f8d811d9acb6687e3)/ (1%)","C:/Users/Dana/Documents/GitHub/MOSS-TAPS/MossTaps/data/Upload/O_P2_2014/K,_Stu(b72a6ef515dfe775b81c412263fcc24d)/ (0%)"
75,"http://moss.stanford.edu/results/736402409/match118.html","C:/Users/Dana/Documents/GitHub/MOSS-TAPS/MossTaps/data/Upload/C_P1_2015/Jones,_Tommy(0db34975171811623b0aa2e1bea58039)/ (0%)","C:/Users/Dana/Documents/GitHub/MOSS-TAPS/MossTaps/data/Upload/C_P1_2015/Lu,_Ben(6e43dde6ee96247f8d811d9acb6687e3)/ (0%)"
9,"http://moss.stanford.edu/results/736402409/match119.html","C:/Users/Dana/Documents/GitHub/MOSS-TAPS/MossTaps/data/Upload/C_P1_2015/Sunam,_Jerry(a078102843453dd4fe10ec0873d6e998)/ (2%)","C:/Users/Dana/Documents/GitHub/MOSS-TAPS/MossTaps/data/Upload/O_P2_2014/J,_Stu(fdff9c54a88cb0c4288d5d2618f64fd8)/ (1%)"
20,"http://moss.stanford.edu/results/736402409/match120.html","C:/Users/Dana/Documents/GitHub/MOSS-TAPS/MossTaps/data/Upload/C_P1_2015/Lu,_Ben(6e43dde6ee96247f8d811d9acb6687e3)/ (0%)","C:/Users/Dana/Documents/GitHub/MOSS-TAPS/MossTaps/data/Upload/O_P1_2014/Al,_Stu(41e869b8be1ff2f45a0f7679f0612c02)/ (2%)"
6,"http://moss.stanford.edu/results/736402409/match121.html","C:/Users/Dana/Documents/GitHub/MOSS-TAPS/MossTaps/data/Upload/O_P2_2014/J,_Stu(fdff9c54a88cb0c4288d5d2618f64fd8)/ (1%)","C:/Users/Dana/Documents/GitHub/MOSS-TAPS/MossTaps/data/Upload/O_P2_2014/N,_Stu(e4eccfa8a9dceb2e2902c8b052ce85b4)/ (0%)"
6,"http://moss.stanford.edu/results/736402409/match122.html","C:/Users/Dana/Documents/GitHub/MOSS-TAPS/MossTaps/data/Upload/C_P2_2015/Newman,_Joe(54fa6a0de05f3e459300f9e94f7228cf)/ (0%)","C:/Users/Dana/Documents/GitHub/MOSS-TAPS/MossTaps/data/Upload/O_P2_2014/J,_Stu(fdff9c54a88cb0c4288d5d2618f64fd8)/ (1%)"
5,"http://moss.stanford.edu/results/736402409/match123.html","C:/Users/Dana/Documents/GitHub/MOSS-TAPS/MossTaps/data/Upload/C_P2_2015/Jones,_Tommy(0db34975171811623b0aa2e1bea58039)/ (0%)","C:/Users/Dana/Documents/GitHub/MOSS-TAPS/MossTaps/data/Upload/O_P1_2014/X,_Stu(5041308ef3585f4cd6051da1dccd4331)/ (1%)"
57,"http://moss.stanford.edu/results/736402409/match124.html","C:/Users/Dana/Documents/GitHub/MOSS-TAPS/MossTaps/data/Upload/C_P2_2015/Boop,_Betty(168e38a05dfd8bb5e4d1aa3084f98cec)/ (0%)","C:/Users/Dana/Documents/GitHub/MOSS-TAPS/MossTaps/data/Upload/O_P2_2014/N,_Stu(e4eccfa8a9dceb2e2902c8b052ce85b4)/ (0%)"
5,"http://moss.stanford.edu/results/736402409/match125.html","C:/Users/Dana/Documents/GitHub/MOSS-TAPS/MossTaps/data/Upload/C_P1_2015/Sunam,_Jerry(a078102843453dd4fe10ec0873d6e998)/ (2%)","C:/Users/Dana/Documents/GitHub/MOSS-TAPS/MossTaps/data/Upload/C_P2_2015/Newman,_Joe(54fa6a0de05f3e459300f9e94f7228cf)/ (0%)"
5,"http://moss.stanford.edu/results/736402409/match126.html","C:/Users/Dana/Documents/GitHub/MOSS-TAPS/MossTaps/data/Upload/C_P1_2015/Sunam,_Jerry(a078102843453dd4fe10ec0873d6e998)/ (2%)","C:/Users/Dana/Documents/GitHub/MOSS-TAPS/MossTaps/data/Upload/C_P2_2015/Jones,_Tommy(0db34975171811623b0aa2e1bea58039)/ (0%)"
76,"http://moss.stanford.edu/results/736402409/match127.html","C:/Users/Dana/Documents/GitHub/MOSS-TAPS/MossTaps/data/Upload/C_P1_2015/Lu,_Ben(6e43dde6ee96247f8d811d9acb6687e3)/ (0%)","C:/Users/Dana/Documents/GitHub/MOSS-TAPS/MossTaps/data/Upload/O_P1_2014/R,_Stu(fdff9c54a88cb0c4288d5d2618f64fd8)/ (1%)"
5,"http://moss.stanford.edu/results/736402409/match128.html","C:/Users/Dana/Documents/GitHub/MOSS-TAPS/MossTaps/data/Upload/C_P1_2015/Bbc,_Has(5041308ef3585f4cd6051da1dccd4331)/ (1%)","C:/Users/Dana/Documents/GitHub/MOSS-TAPS/MossTaps/data/Upload/C_P2_2015/Jones,_Tommy(0db34975171811623b0aa2e1bea58039)/ (0%)"
13,"http://moss.stanford.edu/results/736402409/match129.html","C:/Users/Dana/Documents/GitHub/MOSS-TAPS/MossTaps/data/Upload/C_P1_2015/Sunam,_Jerry(a078102843453dd4fe10ec0873d6e998)/ (2%)","C:/Users/Dana/Documents/GitHub/MOSS-TAPS/MossTaps/data/Upload/O_P2_2014/I,_Stu(c87f16d0e9cda269a5c19e68612109b1)/ (1%)"
13,"http://moss.stanford.edu/results/736402409/match130.html","C:/Users/Dana/Documents/GitHub/MOSS-TAPS/MossTaps/data/Upload/C_P1_2015/Sunam,_Jerry(a078102843453dd4fe10ec0873d6e998)/ (2%)","C:/Users/Dana/Documents/GitHub/MOSS-TAPS/MossTaps/data/Upload/O_P1_2014/Q,__Stu(c87f16d0e9cda269a5c19e68612109b1)/ (2%)"
11,"http://moss.stanford.edu/results/736402409/match131.html","C:/Users/Dana/Documents/GitHub/MOSS-TAPS/MossTaps/data/Upload/C_P1_2015/Black,_Lisa(82d08df03494defb6b12f52319752fdc)/ (0%)","C:/Users/Dana/Documents/GitHub/MOSS-TAPS/MossTaps/data/Upload/C_P1_2015/Lu,_Ben(6e43dde6ee96247f8d811d9acb6687e3)/ (0%)"
14,"http://moss.stanford.edu/results/736402409/match132.html","C:/Users/Dana/Documents/GitHub/MOSS-TAPS/MossTaps/data/Upload/C_P2_2015/Butler,_Mary(0c44d3ae94ffd980f530907abdfdb901)/ (0%)","C:/Users/Dana/Documents/GitHub/MOSS-TAPS/MossTaps/data/Upload/O_P2_2014/L,_Stu(21f2212719b3c956cfeec91a639a019f)/ (0%)"
6,"http://moss.stanford.edu/results/736402409/match133.html","C:/Users/Dana/Documents/GitHub/MOSS-TAPS/MossTaps/data/Upload/C_P2_2015/Boop,_Betty(168e38a05dfd8bb5e4d1aa3084f98cec)/ (0%)","C:/Users/Dana/Documents/GitHub/MOSS-TAPS/MossTaps/data/Upload/O_P2_2014/H,_Stu(41e869b8be1ff2f45a0f7679f0612c02)/ (1%)"
6,"http://moss.stanford.edu/results/736402409/match134.html","C:/Users/Dana/Documents/GitHub/MOSS-TAPS/MossTaps/data/Upload/C_P1_2015/Lu,_Ben(6e43dde6ee96247f8d811d9acb6687e3)/ (0%)","C:/Users/Dana/Documents/GitHub/MOSS-TAPS/MossTaps/data/Upload/C_P2_2015/Butler,_Mary(0c44d3ae94ffd980f530907abdfdb901)/ (0%)"
13,"http://moss.stanford.edu/results/736402409/match135.html","C:/Users/Dana/Documents/GitHub/MOSS-TAPS/MossTaps/data/Upload/C_P1_2015/Jones,_Tommy(0db34975171811623b0aa2e1bea58039)/ (0%)","C:/Users/Dana/Documents/GitHub/MOSS-TAPS/MossTaps/data/Upload/O_P2_2014/N,_Stu(e4eccfa8a9dceb2e2902c8b052ce85b4)/ (0%)"
13,"http://moss.stanford.edu/results/736402409/match136.html","C:/Users/Dana/Documents/GitHub/MOSS-TAPS/MossTaps/data/Upload/C_P1_2015/Jones,_Tommy(0db34975171811623b0aa2e1bea58039)/ (0%)","C:/Users/Dana/Documents/GitHub/MOSS-TAPS/MossTaps/data/Upload/C_P1_2015/Sunam,_Jerry(a078102843453dd4fe10ec0873d6e998)/ (2%)"
15,"http://moss.stanford.edu/results/736402409/match137.html","C:/Users/Dana/Documents/GitHub/MOSS-TAPS/MossTaps/data/Upload/C_P1_2015/Boop,_Betty(168e38a05dfd8bb5e4d1aa3084f98cec)/ (2%)","C:/Users/Dana/Documents/GitHub/MOSS-TAPS/MossTaps/data/Upload/C_P2_2015/Newman,_Joe(54fa6a0de05f3e459300f9e94f7228cf)/ (0%)"
8,"http://moss.stanford.edu/results/736402409/match138.html","C:/Users/Dana/Documents/GitHub/MOSS-TAPS/MossTaps/data/Upload/O_P1_2014/R,_Stu(fdff9c54a88cb0c4288d5d2618f64fd8)/ (1%)","C:/Users/Dana/Documents/GitHub/MOSS-TAPS/MossTaps/data/Upload/O_P2_2014/O,_Stu(5041308ef3585f4cd6051da1dccd4331)/ (0%)"
8,"http://moss.stanford.edu/results/736402409/match139.html","C:/Users/Dana/Documents/GitHub/MOSS-TAPS/MossTaps/data/Upload/C_P2_2015/Aab,_Michael(7b90e57b05602edbeeea35b8ba37a0b1)/ (0%)","C:/Users/Dana/Documents/GitHub/MOSS-TAPS/MossTaps/data/Upload/O_P1_2014/R,_Stu(fdff9c54a88cb0c4288d5d2618f64fd8)/ (1%)"
12,"http://moss.stanford.edu/results/736402409/match140.html","C:/Users/Dana/Documents/GitHub/MOSS-TAPS/MossTaps/data/Upload/C_P1_2015/Lu,_Ben(6e43dde6ee96247f8d811d9acb6687e3)/ (0%)","C:/Users/Dana/Documents/GitHub/MOSS-TAPS/MossTaps/data/Upload/O_P1_2014/T,_Stu(21f2212719b3c956cfeec91a639a019f)/ (0%)"
17,"http://moss.stanford.edu/results/736402409/match141.html","C:/Users/Dana/Documents/GitHub/MOSS-TAPS/MossTaps/data/Upload/C_P1_2015/Lu,_Ben(6e43dde6ee96247f8d811d9acb6687e3)/ (0%)","C:/Users/Dana/Documents/GitHub/MOSS-TAPS/MossTaps/data/Upload/C_P2_2015/Bbc,_Has(5041308ef3585f4cd6051da1dccd4331)/ (0%)"
62,"http://moss.stanford.edu/results/736402409/match142.html","C:/Users/Dana/Documents/GitHub/MOSS-TAPS/MossTaps/data/Upload/C_P1_2015/Jones,_Tommy(0db34975171811623b0aa2e1bea58039)/ (0%)","C:/Users/Dana/Documents/GitHub/MOSS-TAPS/MossTaps/data/Upload/O_P1_2014/R,_Stu(fdff9c54a88cb0c4288d5d2618f64fd8)/ (1%)"
20,"http://moss.stanford.edu/results/736402409/match143.html","C:/Users/Dana/Documents/GitHub/MOSS-TAPS/MossTaps/data/Upload/C_P1_2015/Boop,_Betty(168e38a05dfd8bb5e4d1aa3084f98cec)/ (2%)","C:/Users/Dana/Documents/GitHub/MOSS-TAPS/MossTaps/data/Upload/O_P1_2014/Al,_Stu(41e869b8be1ff2f45a0f7679f0612c02)/ (2%)"
17,"http://moss.stanford.edu/results/736402409/match144.html","C:/Users/Dana/Documents/GitHub/MOSS-TAPS/MossTaps/data/Upload/C_P1_2015/Boop,_Betty(168e38a05dfd8bb5e4d1aa3084f98cec)/ (2%)","C:/Users/Dana/Documents/GitHub/MOSS-TAPS/MossTaps/data/Upload/C_P1_2015/Lu,_Ben(6e43dde6ee96247f8d811d9acb6687e3)/ (0%)"
24,"http://moss.stanford.edu/results/736402409/match145.html","C:/Users/Dana/Documents/GitHub/MOSS-TAPS/MossTaps/data/Upload/O_P1_2014/V,_Stu(e4eccfa8a9dceb2e2902c8b052ce85b4)/ (0%)","C:/Users/Dana/Documents/GitHub/MOSS-TAPS/MossTaps/data/Upload/O_P2_2014/L,_Stu(21f2212719b3c956cfeec91a639a019f)/ (0%)"
24,"http://moss.stanford.edu/results/736402409/match146.html","C:/Users/Dana/Documents/GitHub/MOSS-TAPS/MossTaps/data/Upload/C_P2_2015/Newman,_Joe(54fa6a0de05f3e459300f9e94f7228cf)/ (0%)","C:/Users/Dana/Documents/GitHub/MOSS-TAPS/MossTaps/data/Upload/O_P2_2014/L,_Stu(21f2212719b3c956cfeec91a639a019f)/ (0%)"
24,"http://moss.stanford.edu/results/736402409/match147.html","C:/Users/Dana/Documents/GitHub/MOSS-TAPS/MossTaps/data/Upload/C_P1_2015/Sunam,_Jerry(a078102843453dd4fe10ec0873d6e998)/ (2%)","C:/Users/Dana/Documents/GitHub/MOSS-TAPS/MossTaps/data/Upload/O_P1_2014/V,_Stu(e4eccfa8a9dceb2e2902c8b052ce85b4)/ (0%)"
7,"http://moss.stanford.edu/results/736402409/match148.html","C:/Users/Dana/Documents/GitHub/MOSS-TAPS/MossTaps/data/Upload/C_P1_2015/Sunam,_Jerry(a078102843453dd4fe10ec0873d6e998)/ (2%)","C:/Users/Dana/Documents/GitHub/MOSS-TAPS/MossTaps/data/Upload/C_P2_2015/Butler,_Mary(0c44d3ae94ffd980f530907abdfdb901)/ (0%)"
12,"http://moss.stanford.edu/results/736402409/match149.html","C:/Users/Dana/Documents/GitHub/MOSS-TAPS/MossTaps/data/Upload/O_P2_2014/H,_Stu(41e869b8be1ff2f45a0f7679f0612c02)/ (1%)","C:/Users/Dana/Documents/GitHub/MOSS-TAPS/MossTaps/data/Upload/O_P2_2014/I,_Stu(c87f16d0e9cda269a5c19e68612109b1)/ (1%)"
71,"http://moss.stanford.edu/results/736402409/match150.html","C:/Users/Dana/Documents/GitHub/MOSS-TAPS/MossTaps/data/Upload/O_P1_2014/X,_Stu(5041308ef3585f4cd6051da1dccd4331)/ (1%)","C:/Users/Dana/Documents/GitHub/MOSS-TAPS/MossTaps/data/Upload/O_P2_2014/L,_Stu(21f2212719b3c956cfeec91a639a019f)/ (0%)"
71,"http://moss.stanford.edu/results/736402409/match151.html","C:/Users/Dana/Documents/GitHub/MOSS-TAPS/MossTaps/data/Upload/O_P1_2014/T,_Stu(21f2212719b3c956cfeec91a639a019f)/ (0%)","C:/Users/Dana/Documents/GitHub/MOSS-TAPS/MossTaps/data/Upload/O_P1_2014/X,_Stu(5041308ef3585f4cd6051da1dccd4331)/ (1%)"
13,"http://moss.stanford.edu/results/736402409/match152.html","C:/Users/Dana/Documents/GitHub/MOSS-TAPS/MossTaps/data/Upload/C_P2_2015/Gonzales,_Pedro(a876148095ff319cdf1d6d971f2c0ca5)/ (0%)","C:/Users/Dana/Documents/GitHub/MOSS-TAPS/MossTaps/data/Upload/O_P2_2014/H,_Stu(41e869b8be1ff2f45a0f7679f0612c02)/ (1%)"
13,"http://moss.stanford.edu/results/736402409/match153.html","C:/Users/Dana/Documents/GitHub/MOSS-TAPS/MossTaps/data/Upload/C_P2_2015/Gonzales,_Pedro(a876148095ff319cdf1d6d971f2c0ca5)/ (0%)","C:/Users/Dana/Documents/GitHub/MOSS-TAPS/MossTaps/data/Upload/O_P1_2014/Al,_Stu(41e869b8be1ff2f45a0f7679f0612c02)/ (2%)"
18,"http://moss.stanford.edu/results/736402409/match154.html","C:/Users/Dana/Documents/GitHub/MOSS-TAPS/MossTaps/data/Upload/C_P1_2015/Jones,_Tommy(0db34975171811623b0aa2e1bea58039)/ (0%)","C:/Users/Dana/Documents/GitHub/MOSS-TAPS/MossTaps/data/Upload/O_P2_2014/H,_Stu(41e869b8be1ff2f45a0f7679f0612c02)/ (1%)"
7,"http://moss.stanford.edu/results/736402409/match155.html","C:/Users/Dana/Documents/GitHub/MOSS-TAPS/MossTaps/data/Upload/C_P1_2015/Jones,_Tommy(0db34975171811623b0aa2e1bea58039)/ (0%)","C:/Users/Dana/Documents/GitHub/MOSS-TAPS/MossTaps/data/Upload/O_P1_2014/Q,__Stu(c87f16d0e9cda269a5c19e68612109b1)/ (2%)"
13,"http://moss.stanford.edu/results/736402409/match156.html","C:/Users/Dana/Documents/GitHub/MOSS-TAPS/MossTaps/data/Upload/C_P1_2015/Black,_Lisa(82d08df03494defb6b12f52319752fdc)/ (0%)","C:/Users/Dana/Documents/GitHub/MOSS-TAPS/MossTaps/data/Upload/O_P2_2014/H,_Stu(41e869b8be1ff2f45a0f7679f0612c02)/ (1%)"
13,"http://moss.stanford.edu/results/736402409/match157.html","C:/Users/Dana/Documents/GitHub/MOSS-TAPS/MossTaps/data/Upload/C_P1_2015/Black,_Lisa(82d08df03494defb6b12f52319752fdc)/ (0%)","C:/Users/Dana/Documents/GitHub/MOSS-TAPS/MossTaps/data/Upload/O_P1_2014/Al,_Stu(41e869b8be1ff2f45a0f7679f0612c02)/ (2%)"
71,"http://moss.stanford.edu/results/736402409/match158.html","C:/Users/Dana/Documents/GitHub/MOSS-TAPS/MossTaps/data/Upload/C_P1_2015/Bbc,_Has(5041308ef3585f4cd6051da1dccd4331)/ (1%)","C:/Users/Dana/Documents/GitHub/MOSS-TAPS/MossTaps/data/Upload/O_P2_2014/L,_Stu(21f2212719b3c956cfeec91a639a019f)/ (0%)"
71,"http://moss.stanford.edu/results/736402409/match159.html","C:/Users/Dana/Documents/GitHub/MOSS-TAPS/MossTaps/data/Upload/C_P1_2015/Bbc,_Has(5041308ef3585f4cd6051da1dccd4331)/ (1%)","C:/Users/Dana/Documents/GitHub/MOSS-TAPS/MossTaps/data/Upload/O_P1_2014/T,_Stu(21f2212719b3c956cfeec91a639a019f)/ (0%)"
65,"http://moss.stanford.edu/results/736402409/match160.html","C:/Users/Dana/Documents/GitHub/MOSS-TAPS/MossTaps/data/Upload/O_P2_2014/H,_Stu(41e869b8be1ff2f45a0f7679f0612c02)/ (1%)","C:/Users/Dana/Documents/GitHub/MOSS-TAPS/MossTaps/data/Upload/O_P2_2014/L,_Stu(21f2212719b3c956cfeec91a639a019f)/ (0%)"
65,"http://moss.stanford.edu/results/736402409/match161.html","C:/Users/Dana/Documents/GitHub/MOSS-TAPS/MossTaps/data/Upload/O_P1_2014/T,_Stu(21f2212719b3c956cfeec91a639a019f)/ (0%)","C:/Users/Dana/Documents/GitHub/MOSS-TAPS/MossTaps/data/Upload/O_P2_2014/H,_Stu(41e869b8be1ff2f45a0f7679f0612c02)/ (1%)"
65,"http://moss.stanford.edu/results/736402409/match162.html","C:/Users/Dana/Documents/GitHub/MOSS-TAPS/MossTaps/data/Upload/O_P1_2014/Al,_Stu(41e869b8be1ff2f45a0f7679f0612c02)/ (2%)","C:/Users/Dana/Documents/GitHub/MOSS-TAPS/MossTaps/data/Upload/O_P2_2014/L,_Stu(21f2212719b3c956cfeec91a639a019f)/ (0%)"
65,"http://moss.stanford.edu/results/736402409/match163.html","C:/Users/Dana/Documents/GitHub/MOSS-TAPS/MossTaps/data/Upload/O_P1_2014/Al,_Stu(41e869b8be1ff2f45a0f7679f0612c02)/ (2%)","C:/Users/Dana/Documents/GitHub/MOSS-TAPS/MossTaps/data/Upload/O_P1_2014/T,_Stu(21f2212719b3c956cfeec91a639a019f)/ (0%)"
6,"http://moss.stanford.edu/results/736402409/match164.html","C:/Users/Dana/Documents/GitHub/MOSS-TAPS/MossTaps/data/Upload/C_P2_2015/Jones,_Tommy(0db34975171811623b0aa2e1bea58039)/ (0%)","C:/Users/Dana/Documents/GitHub/MOSS-TAPS/MossTaps/data/Upload/C_P2_2015/Newman,_Joe(54fa6a0de05f3e459300f9e94f7228cf)/ (0%)"
4,"http://moss.stanford.edu/results/736402409/match165.html","C:/Users/Dana/Documents/GitHub/MOSS-TAPS/MossTaps/data/Upload/C_P2_2015/Boop,_Betty(168e38a05dfd8bb5e4d1aa3084f98cec)/ (0%)","C:/Users/Dana/Documents/GitHub/MOSS-TAPS/MossTaps/data/Upload/C_P2_2015/Gonzales,_Pedro(a876148095ff319cdf1d6d971f2c0ca5)/ (0%)"
6,"http://moss.stanford.edu/results/736402409/match166.html","C:/Users/Dana/Documents/GitHub/MOSS-TAPS/MossTaps/data/Upload/C_P2_2015/Bbc,_Has(5041308ef3585f4cd6051da1dccd4331)/ (0%)","C:/Users/Dana/Documents/GitHub/MOSS-TAPS/MossTaps/data/Upload/C_P2_2015/Jones,_Tommy(0db34975171811623b0aa2e1bea58039)/ (0%)"
19,"http://moss.stanford.edu/results/736402409/match167.html","C:/Users/Dana/Documents/GitHub/MOSS-TAPS/MossTaps/data/Upload/C_P1_2015/Jones,_Tommy(0db34975171811623b0aa2e1bea58039)/ (0%)","C:/Users/Dana/Documents/GitHub/MOSS-TAPS/MossTaps/data/Upload/O_P2_2014/K,_Stu(b72a6ef515dfe775b81c412263fcc24d)/ (0%)"
6,"http://moss.stanford.edu/results/736402409/match168.html","C:/Users/Dana/Documents/GitHub/MOSS-TAPS/MossTaps/data/Upload/C_P1_2015/Green,_Simonel(86c7ea55381094ef1374bc79524ba7b7)/ (0%)","C:/Users/Dana/Documents/GitHub/MOSS-TAPS/MossTaps/data/Upload/O_P2_2014/I,_Stu(c87f16d0e9cda269a5c19e68612109b1)/ (1%)"
6,"http://moss.stanford.edu/results/736402409/match169.html","C:/Users/Dana/Documents/GitHub/MOSS-TAPS/MossTaps/data/Upload/C_P1_2015/Green,_Simonel(86c7ea55381094ef1374bc79524ba7b7)/ (0%)","C:/Users/Dana/Documents/GitHub/MOSS-TAPS/MossTaps/data/Upload/O_P1_2014/Q,__Stu(c87f16d0e9cda269a5c19e68612109b1)/ (2%)"
23,"http://moss.stanford.edu/results/736402409/match170.html","C:/Users/Dana/Documents/GitHub/MOSS-TAPS/MossTaps/data/Upload/C_P1_2015/Boop,_Betty(168e38a05dfd8bb5e4d1aa3084f98cec)/ (2%)","C:/Users/Dana/Documents/GitHub/MOSS-TAPS/MossTaps/data/Upload/O_P2_2014/N,_Stu(e4eccfa8a9dceb2e2902c8b052ce85b4)/ (0%)"
23,"http://moss.stanford.edu/results/736402409/match171.html","C:/Users/Dana/Documents/GitHub/MOSS-TAPS/MossTaps/data/Upload/C_P1_2015/Boop,_Betty(168e38a05dfd8bb5e4d1aa3084f98cec)/ (2%)","C:/Users/Dana/Documents/GitHub/MOSS-TAPS/MossTaps/data/Upload/O_P1_2014/V,_Stu(e4eccfa8a9dceb2e2902c8b052ce85b4)/ (0%)"
10,"http://moss.stanford.edu/results/736402409/match172.html","C:/Users/Dana/Documents/GitHub/MOSS-TAPS/MossTaps/data/Upload/C_P1_2015/Black,_Lisa(82d08df03494defb6b12f52319752fdc)/ (0%)","C:/Users/Dana/Documents/GitHub/MOSS-TAPS/MossTaps/data/Upload/O_P1_2014/S,_Stu(b72a6ef515dfe775b81c412263fcc24d)/ (1%)"
4,"http://moss.stanford.edu/results/736402409/match173.html","C:/Users/Dana/Documents/GitHub/MOSS-TAPS/MossTaps/data/Upload/C_P1_2015/Black,_Lisa(82d08df03494defb6b12f52319752fdc)/ (0%)","C:/Users/Dana/Documents/GitHub/MOSS-TAPS/MossTaps/data/Upload/C_P2_2015/Boop,_Betty(168e38a05dfd8bb5e4d1aa3084f98cec)/ (0%)"
6,"http://moss.stanford.edu/results/736402409/match174.html","C:/Users/Dana/Documents/GitHub/MOSS-TAPS/MossTaps/data/Upload/O_P2_2014/K,_Stu(b72a6ef515dfe775b81c412263fcc24d)/ (0%)","C:/Users/Dana/Documents/GitHub/MOSS-TAPS/MossTaps/data/Upload/O_P2_2014/N,_Stu(e4eccfa8a9dceb2e2902c8b052ce85b4)/ (0%)"
61,"http://moss.stanford.edu/results/736402409/match175.html","C:/Users/Dana/Documents/GitHub/MOSS-TAPS/MossTaps/data/Upload/O_P2_2014/J,_Stu(fdff9c54a88cb0c4288d5d2618f64fd8)/ (1%)","C:/Users/Dana/Documents/GitHub/MOSS-TAPS/MossTaps/data/Upload/O_P2_2014/O,_Stu(5041308ef3585f4cd6051da1dccd4331)/ (0%)"
56,"http://moss.stanford.edu/results/736402409/match176.html","C:/Users/Dana/Documents/GitHub/MOSS-TAPS/MossTaps/data/Upload/O_P2_2014/J,_Stu(fdff9c54a88cb0c4288d5d2618f64fd8)/ (1%)","C:/Users/Dana/Documents/GitHub/MOSS-TAPS/MossTaps/data/Upload/O_P2_2014/L,_Stu(21f2212719b3c956cfeec91a639a019f)/ (0%)"
6,"http://moss.stanford.edu/results/736402409/match177.html","C:/Users/Dana/Documents/GitHub/MOSS-TAPS/MossTaps/data/Upload/O_P2_2014/J,_Stu(fdff9c54a88cb0c4288d5d2618f64fd8)/ (1%)","C:/Users/Dana/Documents/GitHub/MOSS-TAPS/MossTaps/data/Upload/O_P2_2014/K,_Stu(b72a6ef515dfe775b81c412263fcc24d)/ (0%)"
37,"http://moss.stanford.edu/results/736402409/match178.html","C:/Users/Dana/Documents/GitHub/MOSS-TAPS/MossTaps/data/Upload/O_P2_2014/H,_Stu(41e869b8be1ff2f45a0f7679f0612c02)/ (1%)","C:/Users/Dana/Documents/GitHub/MOSS-TAPS/MossTaps/data/Upload/O_P2_2014/O,_Stu(5041308ef3585f4cd6051da1dccd4331)/ (0%)"
37,"http://moss.stanford.edu/results/736402409/match179.html","C:/Users/Dana/Documents/GitHub/MOSS-TAPS/MossTaps/data/Upload/O_P2_2014/H,_Stu(41e869b8be1ff2f45a0f7679f0612c02)/ (1%)","C:/Users/Dana/Documents/GitHub/MOSS-TAPS/MossTaps/data/Upload/O_P2_2014/N,_Stu(e4eccfa8a9dceb2e2902c8b052ce85b4)/ (0%)"
4,"http://moss.stanford.edu/results/736402409/match180.html","C:/Users/Dana/Documents/GitHub/MOSS-TAPS/MossTaps/data/Upload/O_P1_2014/X,_Stu(5041308ef3585f4cd6051da1dccd4331)/ (1%)","C:/Users/Dana/Documents/GitHub/MOSS-TAPS/MossTaps/data/Upload/O_P2_2014/I,_Stu(c87f16d0e9cda269a5c19e68612109b1)/ (1%)"
37,"http://moss.stanford.edu/results/736402409/match181.html","C:/Users/Dana/Documents/GitHub/MOSS-TAPS/MossTaps/data/Upload/O_P1_2014/V,_Stu(e4eccfa8a9dceb2e2902c8b052ce85b4)/ (0%)","C:/Users/Dana/Documents/GitHub/MOSS-TAPS/MossTaps/data/Upload/O_P2_2014/H,_Stu(41e869b8be1ff2f45a0f7679f0612c02)/ (1%)"
56,"http://moss.stanford.edu/results/736402409/match182.html","C:/Users/Dana/Documents/GitHub/MOSS-TAPS/MossTaps/data/Upload/O_P1_2014/T,_Stu(21f2212719b3c956cfeec91a639a019f)/ (0%)","C:/Users/Dana/Documents/GitHub/MOSS-TAPS/MossTaps/data/Upload/O_P2_2014/J,_Stu(fdff9c54a88cb0c4288d5d2618f64fd8)/ (1%)"
37,"http://moss.stanford.edu/results/736402409/match183.html","C:/Users/Dana/Documents/GitHub/MOSS-TAPS/MossTaps/data/Upload/O_P1_2014/Al,_Stu(41e869b8be1ff2f45a0f7679f0612c02)/ (2%)","C:/Users/Dana/Documents/GitHub/MOSS-TAPS/MossTaps/data/Upload/O_P2_2014/O,_Stu(5041308ef3585f4cd6051da1dccd4331)/ (0%)"
37,"http://moss.stanford.edu/results/736402409/match184.html","C:/Users/Dana/Documents/GitHub/MOSS-TAPS/MossTaps/data/Upload/O_P1_2014/Al,_Stu(41e869b8be1ff2f45a0f7679f0612c02)/ (2%)","C:/Users/Dana/Documents/GitHub/MOSS-TAPS/MossTaps/data/Upload/O_P2_2014/N,_Stu(e4eccfa8a9dceb2e2902c8b052ce85b4)/ (0%)"
37,"http://moss.stanford.edu/results/736402409/match185.html","C:/Users/Dana/Documents/GitHub/MOSS-TAPS/MossTaps/data/Upload/O_P1_2014/Al,_Stu(41e869b8be1ff2f45a0f7679f0612c02)/ (2%)","C:/Users/Dana/Documents/GitHub/MOSS-TAPS/MossTaps/data/Upload/O_P1_2014/V,_Stu(e4eccfa8a9dceb2e2902c8b052ce85b4)/ (0%)"
5,"http://moss.stanford.edu/results/736402409/match186.html","C:/Users/Dana/Documents/GitHub/MOSS-TAPS/MossTaps/data/Upload/C_P2_2015/Whiteman,_Xavier(c251f60fcccb749423e34d7570ceecca)/ (0%)","C:/Users/Dana/Documents/GitHub/MOSS-TAPS/MossTaps/data/Upload/O_P2_2014/K,_Stu(b72a6ef515dfe775b81c412263fcc24d)/ (0%)"
63,"http://moss.stanford.edu/results/736402409/match187.html","C:/Users/Dana/Documents/GitHub/MOSS-TAPS/MossTaps/data/Upload/C_P2_2015/Whiteman,_Xavier(c251f60fcccb749423e34d7570ceecca)/ (0%)","C:/Users/Dana/Documents/GitHub/MOSS-TAPS/MossTaps/data/Upload/O_P1_2014/X,_Stu(5041308ef3585f4cd6051da1dccd4331)/ (1%)"
7,"http://moss.stanford.edu/results/736402409/match188.html","C:/Users/Dana/Documents/GitHub/MOSS-TAPS/MossTaps/data/Upload/C_P2_2015/Whiteman,_Xavier(c251f60fcccb749423e34d7570ceecca)/ (0%)","C:/Users/Dana/Documents/GitHub/MOSS-TAPS/MossTaps/data/Upload/O_P1_2014/S,_Stu(b72a6ef515dfe775b81c412263fcc24d)/ (1%)"
63,"http://moss.stanford.edu/results/736402409/match189.html","C:/Users/Dana/Documents/GitHub/MOSS-TAPS/MossTaps/data/Upload/C_P2_2015/Whiteman,_Xavier(c251f60fcccb749423e34d7570ceecca)/ (0%)","C:/Users/Dana/Documents/GitHub/MOSS-TAPS/MossTaps/data/Upload/O_P1_2014/R,_Stu(fdff9c54a88cb0c4288d5d2618f64fd8)/ (0%)"
10,"http://moss.stanford.edu/results/736402409/match190.html","C:/Users/Dana/Documents/GitHub/MOSS-TAPS/MossTaps/data/Upload/C_P2_2015/Jones,_Tommy(0db34975171811623b0aa2e1bea58039)/ (0%)","C:/Users/Dana/Documents/GitHub/MOSS-TAPS/MossTaps/data/Upload/O_P1_2014/T,_Stu(21f2212719b3c956cfeec91a639a019f)/ (0%)"
1,"http://moss.stanford.edu/results/736402409/match191.html","C:/Users/Dana/Documents/GitHub/MOSS-TAPS/MossTaps/data/Upload/C_P2_2015/Gonzales,_Pedro(a876148095ff319cdf1d6d971f2c0ca5)/ (0%)","C:/Users/Dana/Documents/GitHub/MOSS-TAPS/MossTaps/data/Upload/O_P2_2014/I,_Stu(c87f16d0e9cda269a5c19e68612109b1)/ (1%)"
1,"http://moss.stanford.edu/results/736402409/match192.html","C:/Users/Dana/Documents/GitHub/MOSS-TAPS/MossTaps/data/Upload/C_P2_2015/Gonzales,_Pedro(a876148095ff319cdf1d6d971f2c0ca5)/ (0%)","C:/Users/Dana/Documents/GitHub/MOSS-TAPS/MossTaps/data/Upload/O_P1_2014/Q,__Stu(c87f16d0e9cda269a5c19e68612109b1)/ (2%)"
6,"http://moss.stanford.edu/results/736402409/match193.html","C:/Users/Dana/Documents/GitHub/MOSS-TAPS/MossTaps/data/Upload/C_P2_2015/Gonzales,_Pedro(a876148095ff319cdf1d6d971f2c0ca5)/ (0%)","C:/Users/Dana/Documents/GitHub/MOSS-TAPS/MossTaps/data/Upload/C_P2_2015/Whiteman,_Xavier(c251f60fcccb749423e34d7570ceecca)/ (0%)"
65,"http://moss.stanford.edu/results/736402409/match194.html","C:/Users/Dana/Documents/GitHub/MOSS-TAPS/MossTaps/data/Upload/C_P2_2015/Butler,_Mary(0c44d3ae94ffd980f530907abdfdb901)/ (0%)","C:/Users/Dana/Documents/GitHub/MOSS-TAPS/MossTaps/data/Upload/O_P2_2014/H,_Stu(41e869b8be1ff2f45a0f7679f0612c02)/ (1%)"
65,"http://moss.stanford.edu/results/736402409/match195.html","C:/Users/Dana/Documents/GitHub/MOSS-TAPS/MossTaps/data/Upload/C_P2_2015/Butler,_Mary(0c44d3ae94ffd980f530907abdfdb901)/ (0%)","C:/Users/Dana/Documents/GitHub/MOSS-TAPS/MossTaps/data/Upload/O_P1_2014/Al,_Stu(41e869b8be1ff2f45a0f7679f0612c02)/ (2%)"
5,"http://moss.stanford.edu/results/736402409/match196.html","C:/Users/Dana/Documents/GitHub/MOSS-TAPS/MossTaps/data/Upload/C_P2_2015/Butler,_Mary(0c44d3ae94ffd980f530907abdfdb901)/ (0%)","C:/Users/Dana/Documents/GitHub/MOSS-TAPS/MossTaps/data/Upload/C_P2_2015/Whiteman,_Xavier(c251f60fcccb749423e34d7570ceecca)/ (0%)"
12,"http://moss.stanford.edu/results/736402409/match197.html","C:/Users/Dana/Documents/GitHub/MOSS-TAPS/MossTaps/data/Upload/C_P2_2015/Boop,_Betty(168e38a05dfd8bb5e4d1aa3084f98cec)/ (0%)","C:/Users/Dana/Documents/GitHub/MOSS-TAPS/MossTaps/data/Upload/O_P1_2014/X,_Stu(5041308ef3585f4cd6051da1dccd4331)/ (1%)"
5,"http://moss.stanford.edu/results/736402409/match198.html","C:/Users/Dana/Documents/GitHub/MOSS-TAPS/MossTaps/data/Upload/C_P2_2015/Boop,_Betty(168e38a05dfd8bb5e4d1aa3084f98cec)/ (0%)","C:/Users/Dana/Documents/GitHub/MOSS-TAPS/MossTaps/data/Upload/O_P1_2014/Al,_Stu(41e869b8be1ff2f45a0f7679f0612c02)/ (2%)"
11,"http://moss.stanford.edu/results/736402409/match199.html","C:/Users/Dana/Documents/GitHub/MOSS-TAPS/MossTaps/data/Upload/C_P2_2015/Boop,_Betty(168e38a05dfd8bb5e4d1aa3084f98cec)/ (0%)","C:/Users/Dana/Documents/GitHub/MOSS-TAPS/MossTaps/data/Upload/C_P2_2015/Jones,_Tommy(0db34975171811623b0aa2e1bea58039)/ (0%)"
16,"http://moss.stanford.edu/results/736402409/match200.html","C:/Users/Dana/Documents/GitHub/MOSS-TAPS/MossTaps/data/Upload/C_P2_2015/Bbc,_Has(5041308ef3585f4cd6051da1dccd4331)/ (0%)","C:/Users/Dana/Documents/GitHub/MOSS-TAPS/MossTaps/data/Upload/O_P2_2014/K,_Stu(b72a6ef515dfe775b81c412263fcc24d)/ (0%)"
8,"http://moss.stanford.edu/results/736402409/match201.html","C:/Users/Dana/Documents/GitHub/MOSS-TAPS/MossTaps/data/Upload/C_P2_2015/Bbc,_Has(5041308ef3585f4cd6051da1dccd4331)/ (0%)","C:/Users/Dana/Documents/GitHub/MOSS-TAPS/MossTaps/data/Upload/O_P2_2014/I,_Stu(c87f16d0e9cda269a5c19e68612109b1)/ (1%)"
16,"http://moss.stanford.edu/results/736402409/match202.html","C:/Users/Dana/Documents/GitHub/MOSS-TAPS/MossTaps/data/Upload/C_P2_2015/Bbc,_Has(5041308ef3585f4cd6051da1dccd4331)/ (0%)","C:/Users/Dana/Documents/GitHub/MOSS-TAPS/MossTaps/data/Upload/O_P1_2014/S,_Stu(b72a6ef515dfe775b81c412263fcc24d)/ (1%)"
20,"http://moss.stanford.edu/results/736402409/match203.html","C:/Users/Dana/Documents/GitHub/MOSS-TAPS/MossTaps/data/Upload/C_P2_2015/Bbc,_Has(5041308ef3585f4cd6051da1dccd4331)/ (0%)","C:/Users/Dana/Documents/GitHub/MOSS-TAPS/MossTaps/data/Upload/O_P1_2014/Q,__Stu(c87f16d0e9cda269a5c19e68612109b1)/ (2%)"
35,"http://moss.stanford.edu/results/736402409/match204.html","C:/Users/Dana/Documents/GitHub/MOSS-TAPS/MossTaps/data/Upload/C_P2_2015/Bbc,_Has(5041308ef3585f4cd6051da1dccd4331)/ (0%)","C:/Users/Dana/Documents/GitHub/MOSS-TAPS/MossTaps/data/Upload/C_P2_2015/Butler,_Mary(0c44d3ae94ffd980f530907abdfdb901)/ (0%)"
61,"http://moss.stanford.edu/results/736402409/match205.html","C:/Users/Dana/Documents/GitHub/MOSS-TAPS/MossTaps/data/Upload/C_P2_2015/Aab,_Michael(7b90e57b05602edbeeea35b8ba37a0b1)/ (0%)","C:/Users/Dana/Documents/GitHub/MOSS-TAPS/MossTaps/data/Upload/O_P2_2014/J,_Stu(fdff9c54a88cb0c4288d5d2618f64fd8)/ (1%)"
37,"http://moss.stanford.edu/results/736402409/match206.html","C:/Users/Dana/Documents/GitHub/MOSS-TAPS/MossTaps/data/Upload/C_P2_2015/Aab,_Michael(7b90e57b05602edbeeea35b8ba37a0b1)/ (0%)","C:/Users/Dana/Documents/GitHub/MOSS-TAPS/MossTaps/data/Upload/O_P2_2014/H,_Stu(41e869b8be1ff2f45a0f7679f0612c02)/ (1%)"
37,"http://moss.stanford.edu/results/736402409/match207.html","C:/Users/Dana/Documents/GitHub/MOSS-TAPS/MossTaps/data/Upload/C_P2_2015/Aab,_Michael(7b90e57b05602edbeeea35b8ba37a0b1)/ (0%)","C:/Users/Dana/Documents/GitHub/MOSS-TAPS/MossTaps/data/Upload/O_P1_2014/Al,_Stu(41e869b8be1ff2f45a0f7679f0612c02)/ (2%)"
20,"http://moss.stanford.edu/results/736402409/match208.html","C:/Users/Dana/Documents/GitHub/MOSS-TAPS/MossTaps/data/Upload/C_P1_2015/Sunam,_Jerry(a078102843453dd4fe10ec0873d6e998)/ (2%)","C:/Users/Dana/Documents/GitHub/MOSS-TAPS/MossTaps/data/Upload/C_P2_2015/Boop,_Betty(168e38a05dfd8bb5e4d1aa3084f98cec)/ (0%)"
56,"http://moss.stanford.edu/results/736402409/match209.html","C:/Users/Dana/Documents/GitHub/MOSS-TAPS/MossTaps/data/Upload/C_P1_2015/Newman,_Joe(54fa6a0de05f3e459300f9e94f7228cf)/ (0%)","C:/Users/Dana/Documents/GitHub/MOSS-TAPS/MossTaps/data/Upload/O_P2_2014/L,_Stu(21f2212719b3c956cfeec91a639a019f)/ (0%)"
56,"http://moss.stanford.edu/results/736402409/match210.html","C:/Users/Dana/Documents/GitHub/MOSS-TAPS/MossTaps/data/Upload/C_P1_2015/Newman,_Joe(54fa6a0de05f3e459300f9e94f7228cf)/ (0%)","C:/Users/Dana/Documents/GitHub/MOSS-TAPS/MossTaps/data/Upload/O_P2_2014/J,_Stu(fdff9c54a88cb0c4288d5d2618f64fd8)/ (1%)"
12,"http://moss.stanford.edu/results/736402409/match211.html","C:/Users/Dana/Documents/GitHub/MOSS-TAPS/MossTaps/data/Upload/C_P1_2015/Newman,_Joe(54fa6a0de05f3e459300f9e94f7228cf)/ (0%)","C:/Users/Dana/Documents/GitHub/MOSS-TAPS/MossTaps/data/Upload/O_P1_2014/X,_Stu(5041308ef3585f4cd6051da1dccd4331)/ (1%)"
56,"http://moss.stanford.edu/results/736402409/match212.html","C:/Users/Dana/Documents/GitHub/MOSS-TAPS/MossTaps/data/Upload/C_P1_2015/Newman,_Joe(54fa6a0de05f3e459300f9e94f7228cf)/ (0%)","C:/Users/Dana/Documents/GitHub/MOSS-TAPS/MossTaps/data/Upload/O_P1_2014/T,_Stu(21f2212719b3c956cfeec91a639a019f)/ (0%)"
4,"http://moss.stanford.edu/results/736402409/match213.html","C:/Users/Dana/Documents/GitHub/MOSS-TAPS/MossTaps/data/Upload/C_P1_2015/Lu,_Ben(6e43dde6ee96247f8d811d9acb6687e3)/ (0%)","C:/Users/Dana/Documents/GitHub/MOSS-TAPS/MossTaps/data/Upload/O_P2_2014/N,_Stu(e4eccfa8a9dceb2e2902c8b052ce85b4)/ (0%)"
4,"http://moss.stanford.edu/results/736402409/match214.html","C:/Users/Dana/Documents/GitHub/MOSS-TAPS/MossTaps/data/Upload/C_P1_2015/Lu,_Ben(6e43dde6ee96247f8d811d9acb6687e3)/ (0%)","C:/Users/Dana/Documents/GitHub/MOSS-TAPS/MossTaps/data/Upload/O_P2_2014/J,_Stu(fdff9c54a88cb0c4288d5d2618f64fd8)/ (1%)"
4,"http://moss.stanford.edu/results/736402409/match215.html","C:/Users/Dana/Documents/GitHub/MOSS-TAPS/MossTaps/data/Upload/C_P1_2015/Lu,_Ben(6e43dde6ee96247f8d811d9acb6687e3)/ (0%)","C:/Users/Dana/Documents/GitHub/MOSS-TAPS/MossTaps/data/Upload/C_P1_2015/Sunam,_Jerry(a078102843453dd4fe10ec0873d6e998)/ (2%)"
10,"http://moss.stanford.edu/results/736402409/match216.html","C:/Users/Dana/Documents/GitHub/MOSS-TAPS/MossTaps/data/Upload/C_P1_2015/Jones,_Tommy(0db34975171811623b0aa2e1bea58039)/ (0%)","C:/Users/Dana/Documents/GitHub/MOSS-TAPS/MossTaps/data/Upload/C_P2_2015/Jones,_Tommy(0db34975171811623b0aa2e1bea58039)/ (0%)"
4,"http://moss.stanford.edu/results/736402409/match217.html","C:/Users/Dana/Documents/GitHub/MOSS-TAPS/MossTaps/data/Upload/C_P1_2015/Jones,_Tommy(0db34975171811623b0aa2e1bea58039)/ (0%)","C:/Users/Dana/Documents/GitHub/MOSS-TAPS/MossTaps/data/Upload/C_P2_2015/Gonzales,_Pedro(a876148095ff319cdf1d6d971f2c0ca5)/ (0%)"
17,"http://moss.stanford.edu/results/736402409/match218.html","C:/Users/Dana/Documents/GitHub/MOSS-TAPS/MossTaps/data/Upload/C_P1_2015/Jones,_Tommy(0db34975171811623b0aa2e1bea58039)/ (0%)","C:/Users/Dana/Documents/GitHub/MOSS-TAPS/MossTaps/data/Upload/C_P2_2015/Boop,_Betty(168e38a05dfd8bb5e4d1aa3084f98cec)/ (0%)"
12,"http://moss.stanford.edu/results/736402409/match219.html","C:/Users/Dana/Documents/GitHub/MOSS-TAPS/MossTaps/data/Upload/C_P1_2015/Jones,_Tommy(0db34975171811623b0aa2e1bea58039)/ (0%)","C:/Users/Dana/Documents/GitHub/MOSS-TAPS/MossTaps/data/Upload/C_P1_2015/Newman,_Joe(54fa6a0de05f3e459300f9e94f7228cf)/ (0%)"
13,"http://moss.stanford.edu/results/736402409/match220.html","C:/Users/Dana/Documents/GitHub/MOSS-TAPS/MossTaps/data/Upload/C_P1_2015/Green,_Simonel(86c7ea55381094ef1374bc79524ba7b7)/ (0%)","C:/Users/Dana/Documents/GitHub/MOSS-TAPS/MossTaps/data/Upload/O_P2_2014/L,_Stu(21f2212719b3c956cfeec91a639a019f)/ (0%)"
65,"http://moss.stanford.edu/results/736402409/match221.html","C:/Users/Dana/Documents/GitHub/MOSS-TAPS/MossTaps/data/Upload/C_P1_2015/Green,_Simonel(86c7ea55381094ef1374bc79524ba7b7)/ (0%)","C:/Users/Dana/Documents/GitHub/MOSS-TAPS/MossTaps/data/Upload/O_P2_2014/H,_Stu(41e869b8be1ff2f45a0f7679f0612c02)/ (1%)"
13,"http://moss.stanford.edu/results/736402409/match222.html","C:/Users/Dana/Documents/GitHub/MOSS-TAPS/MossTaps/data/Upload/C_P1_2015/Green,_Simonel(86c7ea55381094ef1374bc79524ba7b7)/ (0%)","C:/Users/Dana/Documents/GitHub/MOSS-TAPS/MossTaps/data/Upload/O_P1_2014/T,_Stu(21f2212719b3c956cfeec91a639a019f)/ (0%)"
65,"http://moss.stanford.edu/results/736402409/match223.html","C:/Users/Dana/Documents/GitHub/MOSS-TAPS/MossTaps/data/Upload/C_P1_2015/Green,_Simonel(86c7ea55381094ef1374bc79524ba7b7)/ (0%)","C:/Users/Dana/Documents/GitHub/MOSS-TAPS/MossTaps/data/Upload/O_P1_2014/Al,_Stu(41e869b8be1ff2f45a0f7679f0612c02)/ (2%)"
14,"http://moss.stanford.edu/results/736402409/match224.html","C:/Users/Dana/Documents/GitHub/MOSS-TAPS/MossTaps/data/Upload/C_P1_2015/Green,_Simonel(86c7ea55381094ef1374bc79524ba7b7)/ (0%)","C:/Users/Dana/Documents/GitHub/MOSS-TAPS/MossTaps/data/Upload/C_P2_2015/Gonzales,_Pedro(a876148095ff319cdf1d6d971f2c0ca5)/ (0%)"
10,"http://moss.stanford.edu/results/736402409/match225.html","C:/Users/Dana/Documents/GitHub/MOSS-TAPS/MossTaps/data/Upload/C_P1_2015/Green,_Simonel(86c7ea55381094ef1374bc79524ba7b7)/ (0%)","C:/Users/Dana/Documents/GitHub/MOSS-TAPS/MossTaps/data/Upload/C_P1_2015/Newman,_Joe(54fa6a0de05f3e459300f9e94f7228cf)/ (0%)"
5,"http://moss.stanford.edu/results/736402409/match226.html","C:/Users/Dana/Documents/GitHub/MOSS-TAPS/MossTaps/data/Upload/C_P1_2015/Butler,_Mary(0c44d3ae94ffd980f530907abdfdb901)/ (0%)","C:/Users/Dana/Documents/GitHub/MOSS-TAPS/MossTaps/data/Upload/O_P2_2014/K,_Stu(b72a6ef515dfe775b81c412263fcc24d)/ (0%)"
63,"http://moss.stanford.edu/results/736402409/match227.html","C:/Users/Dana/Documents/GitHub/MOSS-TAPS/MossTaps/data/Upload/C_P1_2015/Butler,_Mary(0c44d3ae94ffd980f530907abdfdb901)/ (0%)","C:/Users/Dana/Documents/GitHub/MOSS-TAPS/MossTaps/data/Upload/O_P1_2014/X,_Stu(5041308ef3585f4cd6051da1dccd4331)/ (1%)"
7,"http://moss.stanford.edu/results/736402409/match228.html","C:/Users/Dana/Documents/GitHub/MOSS-TAPS/MossTaps/data/Upload/C_P1_2015/Butler,_Mary(0c44d3ae94ffd980f530907abdfdb901)/ (0%)","C:/Users/Dana/Documents/GitHub/MOSS-TAPS/MossTaps/data/Upload/O_P1_2014/S,_Stu(b72a6ef515dfe775b81c412263fcc24d)/ (1%)"
63,"http://moss.stanford.edu/results/736402409/match229.html","C:/Users/Dana/Documents/GitHub/MOSS-TAPS/MossTaps/data/Upload/C_P1_2015/Butler,_Mary(0c44d3ae94ffd980f530907abdfdb901)/ (0%)","C:/Users/Dana/Documents/GitHub/MOSS-TAPS/MossTaps/data/Upload/O_P1_2014/R,_Stu(fdff9c54a88cb0c4288d5d2618f64fd8)/ (0%)"
6,"http://moss.stanford.edu/results/736402409/match230.html","C:/Users/Dana/Documents/GitHub/MOSS-TAPS/MossTaps/data/Upload/C_P1_2015/Butler,_Mary(0c44d3ae94ffd980f530907abdfdb901)/ (0%)","C:/Users/Dana/Documents/GitHub/MOSS-TAPS/MossTaps/data/Upload/C_P2_2015/Gonzales,_Pedro(a876148095ff319cdf1d6d971f2c0ca5)/ (0%)"
5,"http://moss.stanford.edu/results/736402409/match231.html","C:/Users/Dana/Documents/GitHub/MOSS-TAPS/MossTaps/data/Upload/C_P1_2015/Butler,_Mary(0c44d3ae94ffd980f530907abdfdb901)/ (0%)","C:/Users/Dana/Documents/GitHub/MOSS-TAPS/MossTaps/data/Upload/C_P2_2015/Butler,_Mary(0c44d3ae94ffd980f530907abdfdb901)/ (0%)"
8,"http://moss.stanford.edu/results/736402409/match232.html","C:/Users/Dana/Documents/GitHub/MOSS-TAPS/MossTaps/data/Upload/C_P1_2015/Boop,_Betty(168e38a05dfd8bb5e4d1aa3084f98cec)/ (1%)","C:/Users/Dana/Documents/GitHub/MOSS-TAPS/MossTaps/data/Upload/O_P2_2014/L,_Stu(21f2212719b3c956cfeec91a639a019f)/ (0%)"
6,"http://moss.stanford.edu/results/736402409/match233.html","C:/Users/Dana/Documents/GitHub/MOSS-TAPS/MossTaps/data/Upload/C_P1_2015/Black,_Lisa(82d08df03494defb6b12f52319752fdc)/ (0%)","C:/Users/Dana/Documents/GitHub/MOSS-TAPS/MossTaps/data/Upload/C_P2_2015/Whiteman,_Xavier(c251f60fcccb749423e34d7570ceecca)/ (0%)"
16,"http://moss.stanford.edu/results/736402409/match234.html","C:/Users/Dana/Documents/GitHub/MOSS-TAPS/MossTaps/data/Upload/C_P1_2015/Black,_Lisa(82d08df03494defb6b12f52319752fdc)/ (0%)","C:/Users/Dana/Documents/GitHub/MOSS-TAPS/MossTaps/data/Upload/C_P2_2015/Bbc,_Has(5041308ef3585f4cd6051da1dccd4331)/ (0%)"
4,"http://moss.stanford.edu/results/736402409/match235.html","C:/Users/Dana/Documents/GitHub/MOSS-TAPS/MossTaps/data/Upload/C_P1_2015/Black,_Lisa(82d08df03494defb6b12f52319752fdc)/ (0%)","C:/Users/Dana/Documents/GitHub/MOSS-TAPS/MossTaps/data/Upload/C_P1_2015/Jones,_Tommy(0db34975171811623b0aa2e1bea58039)/ (0%)"
6,"http://moss.stanford.edu/results/736402409/match236.html","C:/Users/Dana/Documents/GitHub/MOSS-TAPS/MossTaps/data/Upload/C_P1_2015/Black,_Lisa(82d08df03494defb6b12f52319752fdc)/ (0%)","C:/Users/Dana/Documents/GitHub/MOSS-TAPS/MossTaps/data/Upload/C_P1_2015/Butler,_Mary(0c44d3ae94ffd980f530907abdfdb901)/ (0%)"
4,"http://moss.stanford.edu/results/736402409/match237.html","C:/Users/Dana/Documents/GitHub/MOSS-TAPS/MossTaps/data/Upload/C_P1_2015/Bbc,_Has(5041308ef3585f4cd6051da1dccd4331)/ (1%)","C:/Users/Dana/Documents/GitHub/MOSS-TAPS/MossTaps/data/Upload/O_P2_2014/I,_Stu(c87f16d0e9cda269a5c19e68612109b1)/ (1%)"
63,"http://moss.stanford.edu/results/736402409/match238.html","C:/Users/Dana/Documents/GitHub/MOSS-TAPS/MossTaps/data/Upload/C_P1_2015/Bbc,_Has(5041308ef3585f4cd6051da1dccd4331)/ (1%)","C:/Users/Dana/Documents/GitHub/MOSS-TAPS/MossTaps/data/Upload/C_P2_2015/Whiteman,_Xavier(c251f60fcccb749423e34d7570ceecca)/ (0%)"
12,"http://moss.stanford.edu/results/736402409/match239.html","C:/Users/Dana/Documents/GitHub/MOSS-TAPS/MossTaps/data/Upload/C_P1_2015/Bbc,_Has(5041308ef3585f4cd6051da1dccd4331)/ (1%)","C:/Users/Dana/Documents/GitHub/MOSS-TAPS/MossTaps/data/Upload/C_P2_2015/Boop,_Betty(168e38a05dfd8bb5e4d1aa3084f98cec)/ (0%)"
12,"http://moss.stanford.edu/results/736402409/match240.html","C:/Users/Dana/Documents/GitHub/MOSS-TAPS/MossTaps/data/Upload/C_P1_2015/Bbc,_Has(5041308ef3585f4cd6051da1dccd4331)/ (1%)","C:/Users/Dana/Documents/GitHub/MOSS-TAPS/MossTaps/data/Upload/C_P1_2015/Newman,_Joe(54fa6a0de05f3e459300f9e94f7228cf)/ (0%)"
63,"http://moss.stanford.edu/results/736402409/match241.html","C:/Users/Dana/Documents/GitHub/MOSS-TAPS/MossTaps/data/Upload/C_P1_2015/Bbc,_Has(5041308ef3585f4cd6051da1dccd4331)/ (1%)","C:/Users/Dana/Documents/GitHub/MOSS-TAPS/MossTaps/data/Upload/C_P1_2015/Butler,_Mary(0c44d3ae94ffd980f530907abdfdb901)/ (0%)"
